author,count
Alex Gendler,45
Iseult Gillespie,33
Matt Walker,18
Alex Rosenthal,15
Elizabeth Cox,13
Emma Bryce,12
Juan Enriquez,11
Daniel Finkel,11
Jen Gunter,9
Dan Finkel,9
Mona Chalabi,9
Wendy De La Rosa,9
Greg Gage,9
Hans Rosling,9
Bill Gates,8
Marco Tempest,7
 TED-Ed,7
Dan Kwartler,7
Al Gore,6
Jacqueline Novogratz,6
Joy Lin,6
Chris Anderson,6
A.J. Jacobs,6
Soraya Field Fiorio,6
Fabio Pacucci,6
Dan Ariely,6
Rives,6
Eve Ensler,5
Kristen Bell + Giant Ant,5
Michael Green,5
Mia Nacamulli,5
Christina Greer,5
Barry Schwartz,5
Clay Shirky,5
Steven Johnson,5
Sir Ken Robinson,5
Julian Treasure,5
Ilan Stavans,5
Colm Kelleher,5
Nicholas Negroponte,5
Paola Antonelli,5
Rose Eveleth,5
Lawrence Lessig,4
The TED Interview,4
Stefan Sagmeister,4
Margaret Heffernan,4
Jonathan Drori,4
Bjarke Ingels,4
David Pogue,4
Dan Dennett,4
Kenny Coogan,4
Sarah Parcak,4
Louie Schwartzberg,4
Mark Robinson,4
Claudia Aguirre,4
Daniel Kraft,4
Raj Panjabi,4
Tom Wujec,4
Lucianne Walkowicz,4
Eleanor Nelsen,4
Jonathan Haidt,4
Dennis Shasha,4
Kevin Kelly,4
Pico Iyer,4
Robert Full,4
Stewart Brand,4
Jeff Dekofsky,4
Amy Adkins,4
Shunan Teng,4
Adam Grant,4
Far Flung,4
Sajan Saini,4
Anees Bahji,4
Eric Liu,4
George Zaidan,4
Michael Sandel,4
John McWhorter,4
Stefan Al,4
Danny Hillis,4
Steven Pinker,4
Enric Sala,4
Christopher Warner,3
Nick Bostrom,3
Andrew Youn,3
TED-Ed,3
WorkLife with Adam Grant,3
Margaret Gould Stewart,3
Krishna Sudhir,3
Esther Perel,3
Malcolm Gladwell,3
Johan Rockström,3
Matt Anticole,3
Lucy Cooke,3
David Brooks,3
Catherine Mohr,3
Elif Shafak,3
Sally Kohn,3
Arthur Benjamin,3
Camille Seaman,3
Deborah Gordon,3
Seth Berkley,3
Raghava KK,3
Helen M. Farrell,3
Sebastian Wernicke,3
Nicola Sturgeon,3
Prosanta Chakrabarty,3
Philip Zimbardo,3
Brian Cox,3
Larry Brilliant,3
Skylar Tibbits,3
Ngozi Okonjo-Iweala,3
Yves Béhar,3
Simon Sinek,3
Edith Widder,3
Nancy Lublin,3
Richard Dawkins,3
Shereen El Feki,3
Jane McGonigal,3
Luka Seamus Wright,3
Sheila Marie Orfano,3
Brian A. Pavlac,3
Nellie McKay,3
His Holiness Pope Francis,3
Tim Berners-Lee,3
Paul Rucker,3
Christopher Soghoian,3
Tan Le,3
Karen Armstrong,3
Chip Kidd,3
Mikko Hypponen,3
Rod Phillips,3
David Gallo,3
Peter Diamandis,3
Patty McCord,3
Noah Charney,3
Blaise Agüera y Arcas,3
Janet Iwasa,3
Dean Kamen,3
Jane Goodall,3
Ray Kurzweil,3
Monica Araya,3
Sugata Mitra,3
Guy Winch,3
Zeynep Tufekci,3
Mariana Mazzucato,3
Moriba Jah,3
David Deutsch,3
Dean Ornish,3
Vishaan Chakrabarti,3
Craig Venter,3
Debbie Millman,3
Derek Sivers,3
Robert Neuwirth,3
Eric Whitacre,3
Yuval Noah Harari,3
Emily Nagoski,3
Julia Shaw,3
Dan Gilbert,3
Nathan Myhrvold,3
Elizabeth Gilbert,3
Ben Saunders,3
Andrew Solomon,3
Adam Savage,3
Aimee Mullins,3
Seth Godin,3
Helen Fisher,3
Ze Frank,3
Halla Tómasdóttir,3
Sarah Kay,3
Rory Sutherland,3
Clint Smith,3
John Maeda,3
Tim Harford,3
Martin Reeves,3
Rachel Botsman,3
Sarah Jones,3
Lisa Winer,3
Isabel Allende,2
Richard Wilkinson,2
Anita Collins,2
Scott Gass,2
Camille A. Brown,2
Sam Harris,2
Sakinah Hofler,2
Kitra Cahana,2
Yuko Munakata,2
Dennis Wildfogel,2
Miguel Nicolelis,2
Tim Leberecht,2
TED Business,2
Atul Gawande,2
Claire Wardle,2
Rebecca MacKinnon,2
Del Harvey,2
Nathan S. Jacobs,2
Robert Sapolsky,2
Adrienne Mayor,2
Raul Midon,2
David Brenner,2
Countdown Summit,2
Janine Benyus,2
Shubhendu Sharma,2
Rose M. Mutiso,2
Nigel Topping,2
Joshua Prager,2
Courtney E. Martin,2
Carl Safina,2
Philip Freeman,2
Rokia Traore,2
Robert Wright,2
Mel Rosenberg,2
Susan David,2
Jeff Speck,2
Bono,2
Dorsa Amir,2
Cesar Harada,2
Kathryn Schulz,2
Harry Baker,2
Ryan Martin,2
António Guterres,2
Katie Mack,2
Andrew Pelling,2
Rebecca Brachman,2
Tshering Tobgay,2
Joan C. Williams,2
Peter Paccone,2
Yves Morieux,2
Ellen Jorgensen,2
Vusi Mahlasela,2
Bill Gross,2
Eric Dishman,2
Phil Plait,2
American Family Insurance,2
Rob Reid,2
Olafur Eliasson,2
TEDx SHORTS,2
Sherwin Nuland,2
Golan Levin,2
Taylor Wilson,2
Kary Mullis,2
Jill Tarter,2
Benedetta Berti,2
Martin Rees,2
Alanna Shaikh,2
Robin Chase,2
Andrew Bastawrous,2
Sebastian Junger,2
Carolyn Porco,2
Noah Feldman,2
Jamie Oliver,2
Dennis E. Shasha,2
Sharmeen Obaid-Chinoy,2
Kakenya Ntaiya,2
JR,2
Amit Sood,2
Ash Beckham,2
John Hodgman,2
Parag Khanna,2
Brené Brown,2
Cameron Sinclair,2
Wade Davis,2
Matthieu Ricard,2
Alex Steffen,2
Emily Oster,2
Dolores Huerta,2
Megan Campisi and Pen-Pen Chen,2
Robert Muggah,2
Anand Giridharadas,2
Julia Sweeney,2
Charles Leadbeater,2
Robert Gupta,2
Sonaar Luthra,2
Menno Schilthuizen,2
Reed Hastings,2
Shabana Basij-Rasikh,2
Kanawat Senanan,2
Bruce Aylward,2
Rory Stewart,2
Sheena Iyengar,2
Joachim Horn,2
Nora Flanagan,2
Melvin Sanicas,2
Improv Everywhere,2
Richard St. John,2
Jeff Bezos,2
Anindya Kundu,2
Jinha Lee,2
Gever Tulley,2
Laurel Braitman,2
John Doerr,2
Don Tapscott,2
Nir Eyal,2
Ella Al-Shamahi,2
Jeff Leek and Lucy McGowan,2
Luvvie Ajayi Jones,2
Amory Lovins,2
Hugh Herr,2
Michael Metcalfe,2
Robert Thurman,2
Uldus Bakhtiozina,2
Eli Pariser,2
Lucas Husted,2
Noah Wilson-Rich,2
Jay Walker,2
Jack Dangermond,2
Kaki King,2
Rainn Wilson,2
Ed Boyden,2
Dennis Hong,2
Amanda Gorman,2
Tristan Harris,2
Eugenia Cheng,2
Julia Dhar,2
Achim Steiner,2
Alison Killing,2
David Lang,2
Kaitlyn Sadtler,2
Renny Gleeson,2
Majora Carter,2
Michael Bierut,2
Sangu Delle,2
Meg Jay,2
Van Jones,2
Kim Gorgens,2
Michael Shermer,2
William Kamkwamba,2
Emma Marris,2
Wendy Woods,2
John Lloyd,2
Anne F. Broadbridge,2
Emily Levine,2
Shohini Ghose,2
Erin McKean,2
Anthony Atala,2
Jon Gray,2
Murray Gell-Mann,2
Gayle Tzemach Lemmon,2
Liz Diller,2
Tim Exile,2
Jamil Zaki,2
Elon Musk,2
Ashraf Ghani,2
Bruce Feiler,2
Jon Ronson,2
Dambisa Moyo,2
Stephen Petranek,2
David Rockwell,2
Hyunsoo Joshua No,2
Shimon Schocken,2
Vijay Kumar,2
Allan Adams,2
Lesley Hazleton,2
Mary Lou Jepsen,2
Kate Slabosky,2
Chris Abani,2
Renzo Vitale,2
Nina Tandon,2
Anil Seth,2
Glenn Cantave,2
Lee Cronin,2
Leticia Gasca,2
Gordon Brown,2
Steven Levitt,2
Julia Bacha,2
Eric Lewis,2
ZigZag,2
Yvonne Aki-Sawyerr,2
Sarthak Sinha,2
Nathan Wolfe,2
Dr. Phillip Atiba Goff,2
Marcus du Sautoy,2
Jared Diamond,2
Edward Burtynsky,2
Patrick Chappatte,2
David Kelley,2
Climate Action Tracker,2
Ray Laurence,2
Carl Honoré,2
Simon Anholt,2
Rabbi Lord Jonathan Sacks,2
Hannah Fry,2
Jennifer 8. Lee,2
Jarrett J. Krosoczka,2
Scott Williams,2
Stephen Wilkes,2
Chris Fisher,2
Aparna Rao,2
Melinda Gates,2
Christian Moro,2
Andrew McAfee,2
E.O. Wilson,2
Wael Ghonim,2
Manu Prakash,2
George Dyson,2
Natsai Audrey Chieza,2
Uri Alon,2
Raffaello D'Andrea,2
Kate Stone,2
Nicholas Christakis,2
Billy Collins,2
Gary Liu,2
Jack Horner,2
Chad Orzel,2
John Bidden,2
Frans de Waal,2
David Epstein,2
Charles Limb,2
Brian Christian,2
Moshe Safdie,2
Rebecca Onie,2
Anthony D. Romero,2
Ming Luke,2
Brian Greene,2
Chris A. Kniesly,2
Paul Romer,2
Stephen Trzeciak,2
Bill Schutt,2
Casey Gerald,2
 OK Go,2
Naomi Klein,2
Sheryl Sandberg,2
Lucy Hone,2
David Lunney,2
Edward Tenner,2
Sleepy Man Banjo Boys,2
Yana Buhrer Tavanier,2
George Zaidan and Charles Morton,2
Dan Barber,2
Alain de Botton,2
LaToya Ruby Frazier,2
Keller Rinaudo,2
ShaoLan,2
Joshua Prince-Ramus,2
Isaac Mizrahi,2
Ben Goldacre,2
David Gruber,2
George Monbiot,2
Johanna Blakley,2
Julian Burschka,2
Dalia Mogahed,2
Chieh Huang,2
Dan Pallotta,2
TED Audio Collective,2
Melissa Fleming,2
Steve Brown,2
Priya Parker,2
Madhumita Murgia,2
Chimamanda Ngozi Adichie,2
Alexander Betts,2
Angel Hsu,2
Rose George,2
Mandy Len Catron,2
Paul Bloom,2
Ayanna Howard,2
Harald Haas,2
Geoff Mulgan,2
Sal Khan,2
Charmian Gooch,2
Diego Prilusky,2
Karen Lloyd,2
Jessica Green,2
Paul MacCready,2
Jacob Collier,2
David Hoffman,2
eL Seed,2
César Hidalgo,2
Lauren Sallan,2
Céline Valéry,2
Graham Hill,2
Cella Wright,2
James Logan,2
Honor Harger,2
Damon Horowitz,2
Jean-Baptiste P. Koehl,2
Sophie Scott,2
Kristen Marhaver,2
Murat Dalkilinç,2
James Nachtwey,2
Terry Moore,2
T. Morgan Dixon and Vanessa Garrison,2
Latif Nasser,2
Natalie MacMaster,2
Richard E. Cytowic,2
Eddi Reader,2
Lewis Pugh,2
Kayla Wolf,2
Paul Collier,2
Frank Gehry,2
Countdown,2
Paul Rothemund,2
Johann Hari,2
Levon Biss,2
Aparna Pallavi,2
Tim Ferriss,2
Titus Kaphar,2
Will Potter,2
Miracle Jones,2
Chris Milk,2
Tal Danino,2
Ray Dalio,2
Diana Nyad,2
Maz Jobrani,2
Asha de Vos,2
Chip Conley,2
Richard Browning,2
Matt Cutts,2
Suzanne Lee,2
Stanley McChrystal,2
Jane Fonda,2
Frans Lanting,2
Rebeca Hwang,2
Christiana Figueres,2
Saul Griffith,2
Mike Gil,2
Francis de los Reyes,2
Richard Coffin,2
Maryn McKenna,2
Joshua W. Pate,2
Elizabeth Lesser,2
TED,2
Misha Glenny,2
Jedidah Isler,2
Armand D'Angour,2
Laura Boushnak,2
Jonathan Harris,2
Nalini Nadkarni,2
Wanis Kabbaj,2
Nick Hanauer,2
Rodney Brooks,2
George Whitesides,2
Tim Brown,2
Taryn Simon,2
Lisa Genova,2
Sonia Shah,2
Will Marshall,2
Marc Bamuthi Joseph,2
Becca McCharen-Tran,1
Francis Collins,1
Erica Joy Baker,1
Sebastian Guo,1
Theo Jansen,1
Jennifer Pahlka,1
Huang Hung,1
Anastasia Taylor-Lind,1
Angie Murimirwa,1
Lorrie Faith Cranor,1
Peter Mende-Siedlecki,1
Mani Vajipey,1
Sara C. Mednick,1
Paul Tasner,1
Cynthia Erivo and Gary Motley,1
Christopher Emdin,1
Shweta Narayan,1
Ernesto Sirolli,1
Geoffrey Canada,1
Morgan Spurlock,1
David Burkus,1
Negin Farsad,1
Theresa A. Yugar,1
Elizabeth Lev,1
Stuart Russell,1
Ingrid Betancourt,1
Chade-Meng Tan,1
Juliane Gallina,1
Candy Chang,1
Rick Falkvinge,1
Jason Jay,1
Peter Calthorpe,1
Deb Roy,1
Eric Mibuari,1
Kamau Gachigi,1
Neil MacGregor,1
LeeAnn Renninger,1
Bijan Zakeri,1
Wanda Irving,1
Natalie Gunn,1
Mary Maker,1
Adrián Paenza,1
Alexis Jones,1
Sayu Bhojwani,1
Priti Krishtel,1
Rosamund Adoo-Kissi-Debrah,1
Richard Thompson Ford,1
John Amory,1
Jon Boogz and Lil Buck,1
Kevin Breel,1
YeYoon Kim,1
Patrick Lin,1
"Johnny Staats, Davey Vaughn",1
Chris Anderson (TED),1
Amy Cuddy,1
Gian Giudice,1
Jessica Shortall,1
David Baron,1
Jackson Bird,1
David R. Liu,1
Henry Lin,1
Severn Cullis-Suzuki,1
Michael Pollan,1
Prince William,1
Laura Trice,1
Jane Velkovski,1
Jake Wood,1
Susan Cain,1
Huang Yi & KUKA,1
Pedro Brugarolas,1
Alice Bows-Larkin,1
Elizabeth Waters,1
Genevieve von Petzinger,1
Philip Lubin,1
Wanjira Mathai,1
Anjan Sundaram,1
Leslie T. Chang,1
Susan Solomon,1
Alayna Vaughan,1
Steven Petrow,1
Tali Sharot,1
 B.E.A.T. NYC,1
Jamil Abu-Wardeh,1
Beth Malone,1
Asher Hasan,1
Alastair Parvin,1
Celeste Headlee,1
Inhi Cho Suh,1
Shyam Sankar,1
Frederick Balagadde,1
Jakob Magolan,1
Chris Burkard,1
G.T. Bynum,1
Clemantine Wamariya,1
Helen Farr and Jon Adams,1
Jer Thorp,1
Michele L. Sullivan,1
David Wenham,1
David Puts,1
Giles Duley,1
Pavan Sukhdev,1
Amber M. Yates,1
Rich Benjamin,1
Lillian Faderman,1
Jamie Bartlett,1
Jean-Paul Mari,1
Simona Francese,1
Renzo Piano,1
Taika Waititi,1
 The Bloom Twins,1
Read Montague,1
Ron McCallum,1
Radhika Nagpal,1
Katherine M. Gehl,1
Adena Friedman,1
Katharine Hayhoe,1
Shari Davis,1
Liz Kleinrock,1
"Aaron Duffy, Lake Buckley and Jack Foster",1
Sandrine Thuret,1
Monica Lewinsky,1
Peter Ward,1
Onora O'Neill,1
Joe von Fischer,1
Jacqueline Woodson,1
Chen Qiufan,1
Taiye Selasi,1
Hosted by Mark Ruffalo and Don Cheadle,1
Hongqiao Liu,1
Frans von der Dunk,1
James Watson,1
Thomas Heatherwick,1
Janelle Peters,1
David Merrill,1
David Pizarro,1
Ai-jen Poo,1
Kate Stafford,1
Jo Michael Rezes,1
Julissa Prado,1
Jeanne Pinder,1
Stuart Firestein,1
Tracy Edwards,1
Dan Schulman,1
Kade Crockford,1
Elliot Krane,1
Joe Davis,1
Emmanuel Jal,1
Magda Sayeg,1
Raj Jayadev,1
Martin Jacques,1
Bina Venkataraman,1
Béatrice Coron,1
Shaka Senghor,1
Mike Biddle,1
Claire Malone,1
Sydney Jensen,1
Hosted by Al Gore and Jaden Smith,1
Jeremy Jackson,1
Russ Altman,1
Zachariah Mampilly,1
Ashwini Anburajan,1
Caro Verbeek,1
Tomer Garzberg,1
Evan Grant,1
Sunni Patterson,1
Garry Kasparov,1
Kristiina J. Hurme and Alejandro Rico-Guevara,1
Axel Reinaud,1
Nabila Alibhai,1
Shekinah Elmore,1
Trita Parsi,1
Ben Longdon,1
Nathalia Holt,1
Magnus Larsson,1
Frances Larson,1
Noa Kageyama and Pen-Pen Chen,1
Bjorn Lomborg,1
Luis Zambrano,1
Graham Baird,1
Steven Zheng,1
Freeman Dyson,1
Tiffany Kagure Mugo and Siphumeze Khundayi,1
Moreangels Mbizah,1
Anjan Chatterjee,1
Bill Burnett,1
Matt Trombley,1
Bunker Roy,1
Megan Ming Francis,1
Roger Ebert,1
Lieven Scheire,1
Maria Van Kerkhove,1
Riitta Ikonen and Karoline Hjorth,1
Natalie Warne,1
Diane Allen,1
Amy Smith,1
Grantly Galland and Raiana McKinney,1
Takaharu Tezuka,1
Djazia Satour,1
John McKown,1
Deepika Kurup,1
Robert Gordon,1
Paul McEuen and Marc Miskin,1
Ariana Curtis,1
Maria Dubovitskaya,1
Paul O'Connell,1
Daniel Engber,1
Katrina Spade,1
Emma Teeling,1
Tracey McNamara,1
Dropbox,1
Amelia Laytham,1
Margaret Bourdeaux,1
Marah J. Hardt,1
Alison Gopnik,1
Jeremy Gilley,1
Rachel Wurzman,1
Mitchell Besser,1
Derek Sarno,1
Nathaniel Kahn,1
Nadine Hachach-Haram,1
Natalie Panek,1
Megan Kamerick,1
Russell Foster,1
Sarah Lewis,1
Joshua Foer,1
David Schwartz,1
Tomás Chor,1
Mike Brady and Dion Drew,1
Jason McCue,1
Carolyn Bertozzi,1
Amy Padnani,1
Bruno Michel,1
Nicole Maines,1
Stuart Duncan,1
Allan Jones,1
Arianna Huffington,1
Marcos Aguiar,1
Sam Rodriques,1
Gautam Bhan,1
Oren Yakobovich,1
Suheir Hammad,1
Esther Sullivan,1
Lorin Swint Matthews,1
Andrew Zimmerman Jones,1
Ahmad M. Hasnah,1
Kirsty Duncan,1
Heidi M. Sosik,1
Jae Rhim Lee,1
Reynaldo Lopes,1
Nikolai Begg,1
Mark Roth,1
Carmen Jiménez Borja,1
Alejandro Sánchez Alvarado,1
Ben Pring,1
Luma Mufleh,1
Jamais Cascio,1
Dee Boersma,1
Armando Azua-Bustos,1
Susan Shaw,1
Ramanan Laxminarayan,1
Shalini Unnikrishnan,1
Iwan Baan,1
Stacy Smith,1
Anne Scherer,1
Tina Arrowood,1
David Steindl-Rast,1
Gianluca Ambrosetti,1
David Damberger,1
Tara Winkler,1
Dan Katz,1
Jeannie Suk Gersen,1
Maruša Brada,1
Sarah Bergbreiter,1
Kang Lee,1
Elizabeth Lindsey,1
Marc Abrahams,1
Kym Worthy,1
Edmond Hui,1
Andrew Forrest,1
McKenna Pope,1
Patrick McGinnis,1
DeAndrea Salvador,1
Walter Hood,1
Bel Pesce,1
Ishan Bhabha,1
Isha Datar,1
Martin Hilpert,1
Stephen DeBerry,1
Alexander Wagner,1
Elaine Morgan,1
J. Marshall Shepherd,1
Marcus Bullock,1
Joel Burns,1
Amy Lockwood,1
Stephanie Braccini Slade,1
Nyle DiMarco,1
Rebecca Tarvin,1
Niels Diffrient,1
Yami Joshi,1
Sue Austin,1
Deanna Pucciarelli,1
Cynthia Breazeal,1
Danielle Citron,1
Priscilla Chomba-Kinywa,1
Noriko Arai,1
Robin Steinberg,1
Harish Manwani,1
Andri Snær Magnason,1
Michael Uslan,1
Maajid Nawaz,1
Josh Giegel,1
Kriti Sharma,1
Yifat Susskind,1
Bill and Melinda Gates,1
Aaron Morris,1
Leo Q. Wan,1
Michael Specter,1
Thomas Boothby,1
Jonas Eliasson,1
Liene Ozoliņa,1
Jack Choi,1
Jennifer Granholm,1
Kostas Karpouzis,1
 Kesha,1
Molly Winter,1
Deanna Van Buren,1
Apollo Robbins,1
How to Be a Better Human,1
Jim Tamm,1
Lucy Marcil,1
David R. Williams,1
Emma Bridgewater,1
James Geary,1
OluTimehin Adegbeye,1
Taneka Jones,1
Richard Baraniuk,1
Stephen Coleman,1
LZ Granderson,1
Siamak Hariri,1
Guy Hoffman,1
Jason deCaires Taylor,1
Bandi Mbubi,1
Will Hurd,1
Sarah Kurnick,1
Anote Tong,1
Hans Block and Moritz Riesewieck,1
Lori Gottlieb,1
John Bohannon,1
Sasha Dichter,1
Elizabeth Howell,1
Alessandra Orofino,1
Johanna Figueira,1
Fred Krupp,1
Thomas Madrecki,1
Sophal Ear,1
Leslie Perlow,1
Shilo Shiv Suleman,1
Washington Wachira,1
Carla Harris,1
Melissa Garren,1
Iké Udé,1
Isadora Kosofsky,1
Paul Piff,1
Amishi Jha,1
Kelly Wanser,1
Alexander Leitner,1
Alexandra Sacks,1
Paul Conneally,1
Suleika Jaouad,1
Carol Dweck,1
Mark Jackson,1
Eleftheria Pissadaki,1
Avi Rubin,1
Peter Kirn,1
Shirin Neshat,1
John Cary,1
Thomas Peschak,1
Kim Scott and Trier Bryant,1
Tony Luciani,1
Meklit Hadero,1
Tanya Khovanova,1
Brandon Rodriguez,1
Paco de Leon,1
Alan Amling,1
Paddy Ashdown,1
Sara-Jane Dunn,1
Dwinita Mosby Tyler,1
Jesper Brodin and Pia Heidenmark Cook,1
Sirena Huang,1
Carlos M. Duarte,1
Tim Seibles,1
Siddharthan Chandran,1
Muthoni Drummer Queen,1
Reshma Saujani,1
Kelsey Johnson,1
Dawn Landes,1
Shonda Rhimes and Cyndi Stivers,1
Andreea S. Calude,1
Vance Kite,1
Keren Elazari,1
Samy Nour Younes,1
Angela Wang,1
Karima Bennoune,1
Patricia Kuhl,1
James Gillies,1
Monica Byrne,1
Rob Forbes,1
Yann Dall'Aglio,1
Sara DeWitt,1
Carina Morillo,1
Chip Colwell,1
Gerry Wright,1
Ed Gavagan,1
Reuben Margolin,1
Hyeonseo Lee,1
Molly Wright,1
Noy Thrupkaew,1
James Orsulak,1
Mary Roach,1
Nina Fedoroff,1
Congrui Jin,1
Michael Pritchard,1
Sophie Williams,1
Malcolm London,1
Gavin Pretor-Pinney,1
Jok Church,1
John Kitching,1
Poppy Crum,1
Vittorio Loreto,1
Dawn Lippert,1
Peter Biddle,1
Nadia Kalman,1
Sara Ramirez,1
Rosalind G. Brewer,1
Cindy Gallop,1
Robin Hauser,1
Caitlin Doughty,1
Hui-wen Sato,1
Elizabeth Loftus,1
 Rodrigo y Gabriela,1
Danielle Torley,1
Ian Bremmer,1
Mei Lin Neo,1
Ma Yansong,1
Andrew Stanton,1
Edi Rama,1
Janne Willems,1
Stephen Cave,1
Jacques S. Abramowicz,1
tobacco brown,1
Steve McCarroll,1
Chuck Plunkett,1
Kate E. Brandt,1
Gabriela Roa,1
Mariana Atencio,1
Susan Colantuono,1
Tasos Frantzolas,1
Sarah Dudas,1
Ramesh Raskar,1
Jeffrey Kluger,1
Anne Milgram,1
John Kerry and Al Gore,1
Dennis vanEngelsdorp,1
Amanda Williams,1
Leana Wen,1
Bahia Shehab,1
Jens Burchardt,1
Emilie Wapnick,1
Paul Nicklen,1
Kathy Hull,1
Asmeret Asefaw Berhe,1
Michelle Kuo,1
 Kimberose,1
Diane J. Savino,1
Lorie Wigle,1
Alexandra Auer,1
Wendy Chung,1
Thomas Goetz,1
Dan Katz and Alex Rosenthal,1
Kemi DaSilva-Ibru,1
Lucas C. Majure,1
Carrie Poppy,1
Pamela Ronald,1
Amy Adele Hasinoff,1
Nigel Marsh,1
Janine di Giovanni,1
Mary Bassett,1
Mark Bittman,1
Daina Ramey Berry,1
Edwidge Danticat,1
John Searle,1
Dina Katabi,1
Hannah Bürckstümmer,1
Erin Sullivan,1
Michael S. A. Graziano,1
Amy Green,1
Jaap de Roode,1
Enrique Peñalosa,1
Samantha Power,1
Jeremy Heimans,1
Colin Camerer,1
Nancy Frates,1
Wendy Freedman,1
June Tangney,1
Joseph Redmon,1
David Macaulay,1
Carlos Moreno,1
Vishal Vaid,1
Ebony Roberts and Shaka Senghor,1
Alexis Ohanian,1
Sinéad Burke,1
Toby Shapshak,1
Sergio Feferovich,1
Matthias Müllenbeck,1
Melanie Nezer,1
Peter Saul,1
Jean-François Bastin,1
Morgan Vague,1
Svante Pääbo,1
Michael Botticelli,1
Chiara Decaroli,1
Philippe Petit,1
Dan Clay,1
Rayma Suprani,1
Hasan Kwame Jeffries,1
Emily Levesque,1
Jenna C. Lester,1
Mechai Viravaidya,1
Shoel Perelman,1
Sadasivan Shankar,1
Jonathan Klein,1
Bonnie Bassler,1
James Zucker,1
Ahn Trio,1
James B. Glattfelder,1
Corneille Ewango,1
Jacob Soboroff,1
Alan Kay,1
Sandeep Jauhar,1
Debbie Lovich,1
Fabian Oefner,1
Romaine Seguin,1
Françoise Mouly,1
Sahil Sethi,1
Julia Gillard and Ngozi Okonjo-Iweala,1
Laurie Garrett,1
Li Wei Tan,1
Juan López-Aranguren,1
Antonio Damasio,1
Klaus Stadlmann,1
Conversations with People Who Hate Me,1
Suzana Herculano-Houzel,1
Will Wright,1
Alan Crickmore,1
Rachel Sussman,1
Monica Menesini,1
Chris Nowinski,1
Gloria Steinem,1
Halima Aden,1
Daan Roosegaarde,1
Boaz Almog,1
Ron Shaneyfelt,1
Olympia Della Flora,1
Aubrey de Grey,1
Lisa Dyson,1
Alex Rosenthal and George Zaidan,1
Hawa Abdi + Deqo Mohamed,1
Leymah Gbowee,1
Anas Aremeyaw Anas,1
Manoush Zomorodi,1
Noah Zandan,1
Kimberly Noble,1
Jess Kutch,1
Peter Bohacek,1
Leah Buechley,1
Jon M. Chu,1
Doug Levinson,1
Sam Berns,1
Delali Bright,1
Riché D. Richardson,1
David Wallace-Wells,1
 WOLF,1
Greg Stone,1
Garik Israelian,1
Kirsti Abbott,1
Stefana Broadbent,1
Caroline Lavelle,1
Sean Follmer,1
Gene Luen Yang,1
Jess Thom,1
Heather Knight,1
Shameem Akhtar,1
Jonathan Trent,1
Christopher Ategeka,1
Aaron Koblin,1
Jeffrey Brown,1
Mehret Mandefro,1
Marwa Al-Sabouni,1
Sendhil Mullainathan,1
Brent Loken,1
Matt Kenyon,1
Allison Hunt,1
Jack Conte,1
Jamie C. Beard,1
Anna Babel,1
Franz Freudenthal,1
Luca Turin,1
Jean-Baptiste Michel + Erez Lieberman Aiden,1
Lana Mazahreh,1
Rob Hopkins,1
Natalie Fee,1
Triona McGrath,1
Anthony Goldbloom,1
Loretta J. Ross,1
R.A. Mashelkar,1
Zach Kaplan + Keith Schacht,1
Kenneth Shinozuka,1
Betty Hart,1
Norma Pimentel,1
Kate Darling,1
Erica Stone,1
Alex Smith,1
Nina G. Jablonski,1
Antony Gormley,1
Dan Gartenberg,1
Max Tegmark,1
Constantine N. Vaporis,1
Daniel Sherling,1
Alice Rawsthorn,1
Farida Nabourema,1
Balsher Singh Sidhu,1
Juliana Rotich,1
Chibeze Ezekiel,1
Amy Webb,1
Michael Pawlyn,1
Wingham Rowan,1
Ronald Sullivan,1
Robin Morgan,1
Stefaan Verhulst,1
Ethan Mann,1
Marie Wallace,1
Peter van Manen,1
Anna Mracek Dietrich,1
Ane Brun,1
Robin Ince,1
Chris Gerdes,1
Steve Howard,1
Jenna Weiner,1
Hindou Oumarou Ibrahim,1
Peggy Andover,1
Afra Raymond,1
Tod Machover + Dan Ellsey,1
Susan Pinker,1
Seth Shostak,1
Thea Knight,1
Bas Sudmeijer,1
Paul Knoepfler,1
Sarah Corbett,1
Karla Souza,1
Mike Kinney,1
John Legend,1
Tom Gruber,1
Tom Rielly,1
Yusuf Nurbhai,1
Dave Brain,1
Pierre Thiam,1
Tzeporah Berman,1
Suzanne Case,1
Dixon Chibanda,1
Linda Liukas,1
Christian Benimana,1
Ashley Whillans,1
Laxmi Parida,1
Sinan Aral,1
Joshua Silver,1
Devdutt Pattanaik,1
Bryan Kramer,1
Liam Young,1
James Green,1
Andreas Raptopoulos,1
Hugo Mercier,1
William Ury,1
Olivia Remes,1
Anjali Tripathi,1
Edsel Salvaña,1
Iyad Rahwan,1
Esther Choo,1
Marc Koska,1
David Logan,1
Dao Nguyen,1
Tyler DeWitt,1
Caroline Weaver,1
Valorie Kondos Field,1
Christoph Keplinger,1
Evelyn Glennie,1
Duncan Cowles,1
Juniper Fitzgerald,1
Julio Gil,1
Gary Kovacs,1
Sydney Iaukea,1
Sean Gourley,1
J.J. Abrams,1
Jenny Scheinman with Nels Cline and Todd Sickafoose,1
Chris Downey,1
Thordis Elva and Tom Stranger,1
Devita Davison,1
Fahad Al-Attiya,1
Luis von Ahn,1
Vik Muniz,1
Mads Tang-Christensen,1
Tom Thum,1
Azim Khamisa and Ples Felix,1
Gary Slutkin,1
Phil Borges,1
 First Aid Kit,1
Gastón Acurio,1
Tony Wyss-Coray,1
Andrea Ghez,1
Ruchi Sinha,1
Grégoire Courtine,1
Chris Vogtherr,1
David Peterson,1
Thelma Golden,1
Adong Judith,1
Anna Rosling Rönnlund,1
Christen Reighter,1
Eric Dyer,1
Sierra Hull,1
Jennifer Senior,1
Mehdi Ordikhani-Seyedlar,1
Keiichiro Hirano,1
Michael Fey,1
Handspring Puppet Co.,1
Michael Rubinstein,1
Jennifer Brea,1
Catherine Bracy,1
Deval Patrick,1
BLACK,1
Kevin Etter,1
Renee Montgomery,1
María Neira,1
Michael Silverstein,1
Nirmalya Kumar,1
Teresa Njoroge,1
Francisca Mutapi,1
Srikumar Rao,1
Patrícia Medici,1
Safeena Husain,1
Nathan Ide,1
Ananya Grover,1
Gaby Barrios,1
Keith Nolan,1
Yasheng Huang,1
Meera Vijayann,1
Olivia Tyler,1
M Jackson,1
Boniface Mwangi,1
Rita Pierson,1
Valarie Kaur,1
Naufal Mukumi,1
Aparna Mehta,1
Cat Laine,1
Dina Zielinski,1
Sangeeta Bhatia,1
Neil Pasricha,1
Ami Klin,1
Geert Chatrou,1
Fawn Qiu,1
Jad Abumrad,1
Bradley Voytek and Tim Verstynen,1
Catherine Crump,1
Nick Caruso and Dani Rabaiotti,1
Roberto D'Angelo + Francesca Fedeli,1
Emily Nagoski and Amelia Nagoski,1
Addison Anderson,1
Naoko Ishii,1
Sahaj Kaur Kohli,1
Sue Desmond-Hellmann,1
Floyd E. Romesberg,1
Hany Farid,1
Ariel Waldman,1
Nigel Hughes,1
Suzanne Simard,1
Cameron Russell,1
Guillaume Néry,1
Richard J. Wood,1
 Flor de Toloache,1
Dan Meyer,1
Judith Heumann,1
Bettina Warburg,1
Damon Brown,1
Marina Abramović,1
Margaret Mitchell,1
Dana Cowin,1
Carol Fishman Cohen,1
Romina Libster,1
Rosario Perazolo Masjoan,1
Nicole Paris and Ed Cage,1
Matteo Fadel,1
Javed Akhtar,1
Matthew Shifrin,1
Jonathan Koch,1
Eduardo Sáenz de Cabezón,1
Tim Flannery,1
Kedra Newsom Reeves,1
Matthew White,1
Fahad Saeed,1
Jason Clay,1
 Deutsche Philharmonie Merck,1
Nadia Lopez,1
Andreas Schleicher,1
Ian Goldin,1
Kareem Yusuf,1
Alessandro Acquisti,1
Chand John,1
Jordan Raskopoulos,1
Ted Dintersmith,1
Scilla Elworthy,1
Roy Bahat and Bryn Freedman,1
Siawn Ou,1
Michel Laberge,1
Anu Sridharan,1
Leslie Herod,1
Herminia Ibarra,1
Artūrs Miksons,1
Bernie Krause,1
Kees Moeliker,1
Ram Neta,1
Stephen Lawrence,1
Dustin Yellin,1
The LXD,1
Nora York,1
Jimmy Lin,1
Birke Baehr,1
Danae Wolfe,1
Seema Bansal,1
Toby Kiers,1
Mariano Sigman and Dan Ariely,1
Pete Alcorn,1
Simon Lewis,1
R. Luke DuBois,1
Scott Summit,1
Bob Woodward,1
Rania Bahaa,1
Katie Paterson,1
David Perry,1
Andres Lozano,1
Martin Danoesastro,1
Shaylin Schundler,1
Janell Hobson,1
Mac Barnett,1
Eva Vertes,1
Michael S.A. Graziano,1
Gary Flake,1
"Curtis ""Wall Street"" Carroll",1
Werner Reich,1
Kamal Meattle,1
Rohan Pavuluri,1
Willie Smits,1
Ethan Nadelmann,1
Mark Applebaum,1
Riccardo Sabatini,1
Alison Jackson,1
Arik Hartmann,1
Kasiva Mutua,1
William Li,1
Fernando Salem,1
Michael Molina,1
Helen Pearson,1
Jessica Smith,1
Ivonne Roman,1
Dolly Chugh,1
John Q. Walker,1
Jan Bill,1
Derek Abbott,1
Makiko Eda,1
Michel Dugon,1
Joseph DeSimone,1
Prateek Singh,1
Anne Lamott,1
Danielle Feinberg,1
Rachel Armstrong,1
Wajahat Ali,1
Ayana Elizabeth Johnson,1
Bob Langert,1
Mark Forsyth,1
Rebecca Henderson,1
Chris Bliss,1
R. Saravanan,1
Nina Westbrook,1
Marco A. Sotomayor,1
Suki Kim,1
Joe Landolina,1
Wadah Khanfar,1
Eben Bayer,1
Jonathan Eisen,1
Richard Feynman,1
Peter van Uhm,1
Jenna Schilstra,1
Elise LeGrow,1
Dan Reinstein,1
Joy Sun,1
Belinda Stutzman,1
Rolf Landua,1
Nicole Avena,1
Jim Chuchu,1
Emily Pilloton-Lam,1
Shimpei Takahashi,1
Auke Ijspeert,1
Jamila Lyiscott,1
Colin Powell,1
Severine Autesserre,1
Bruno Maisonnier,1
Georgette Mulheir,1
Eric Sanderson,1
Carter Emmart,1
Patrick Lencioni,1
Justin Davidson,1
Rochelle King,1
Pratik Aghor,1
Johnny Lee,1
Zainab Salbi,1
Manuel Lima,1
Hailey Hardcastle,1
Karen Thompson Walker,1
Nancy N. Chen,1
Nyra Jordan,1
Herbie Hancock,1
Mitch Resnick,1
Leila Takayama,1
Heba Shaheed,1
Mindy Fullilove,1
Robert Fischell,1
Anna Rothschild,1
Kyra Gaunt,1
Pratik Shah,1
Paul Zak,1
Tom Teves,1
Benjamin Seibold,1
Lara Durgavich,1
Gay Gordon-Byrne,1
Isabel Wilkerson,1
Austin Eubanks,1
Andrew Millar,1
Jack Andraka,1
Mathieu Lamiaux,1
Irma L. Olguin Jr.,1
Rupal Patel,1
Marisa Fick-Jordan,1
Alberto Cairo,1
Lars Fæste,1
Mellody Hobson,1
Kevin Toolis,1
Mikael Cho,1
JoAnn Kuchera-Morin,1
Rick Warren,1
Daniel Streicker,1
Charlotte Degot,1
Aaron Sams,1
Alan Siegel,1
Dr. Turi King,1
Gavin Schmidt,1
Elizabeth Pisani,1
Stefon Harris,1
Patience Mthunzi,1
Willard Wigan,1
Ashley Graham,1
Khadija Gbla,1
Meron Gribetz,1
Hayley Yeates,1
David Miliband,1
Philippa Neave,1
Ami Angelowicz,1
Alisa Miller,1
Drew Humphreys,1
Chip Berlet,1
Philip A. Chan,1
Brittney Cooper,1
Rana Abdelhamid,1
Joan Blades and John Gable,1
Adam Garske,1
Darrick Hamilton,1
ELEW and Marcus Miller,1
Darria Long,1
Francesco Sauro,1
Vicki Arroyo,1
Fatima AlZahra'a Alatraktchi,1
Emily King,1
Dwight Stitt,1
Kristina Gjerde,1
Brandon Clifford,1
Mandë Holford,1
Ethan Hawke,1
Andreas Ekström,1
Marta Peirano,1
Tania Simoncelli,1
Haas&Hahn,1
Colin Grant,1
Charles Robertson,1
Ethel,1
Asaf Bar-Yosef,1
J. V. Maranto,1
Morra Aarons-Mele,1
Indre Viskontas,1
Erin Marie Saltman,1
Jeff Dean,1
Angela Mahecha Adrar,1
Kate Bowler,1
Asali DeVan Ecclesiastes,1
Matt Mills,1
Ric Elias,1
Tristram Wyatt,1
Eve Gaus and Vanessa Ruiz,1
Chieko Asakawa,1
Alan Smith,1
Adrian K. Haugabrook,1
Trevor Timm,1
Rishi Manchanda,1
John Wooden,1
Peachy Liv,1
Juliet Brophy,1
Derren Brown,1
Steven Pinker and Rebecca Newberger Goldstein,1
Cynthia Schneider,1
Richard Ledgett,1
Charity Tillemann-Dick,1
Niels van Namen,1
Johanna Benesty,1
Oskar Eustis,1
Peter Harris,1
Lakshmi Pratury,1
Rufus Wainwright,1
Norman Lear,1
Jeff Hancock,1
Antonio Garcia Vicente,1
Chika Ezeanya-Esiobu,1
Jason B. Rosenthal,1
Carrie Nugent,1
Marc Goodman,1
Dan Bell,1
Glenn Greenwald,1
Nina Medvinskaya,1
Lera Boroditsky,1
Malcolm McLaren,1
Far Flung with Saleem Reshamwala,1
Tracy Young,1
Alice Goffman,1
Aparna Nancherla,1
Timothy Ihrig,1
William Shakespeare,1
Paul A. Kramer,1
Dread Scott,1
Martina Flor,1
Adam Galinsky,1
Greta Thunberg,1
Anil Raj,1
Kenichi Ebina,1
Densho,1
Kenneth Cukier,1
Gabriel Barcia-Colombo,1
Peter Haas,1
William Collis,1
Gus Casely-Hayford,1
Denice Frohman,1
Joanne Chory,1
Juliana Delgado Lopera,1
Anab Jain,1
Nancy Rabalais,1
Justin Schmidt,1
Sharon Weinberger,1
Haley Van Dyck,1
"Diana Reiss, Peter Gabriel, Neil Gershenfeld and Vint Cerf",1
Cindy J. Aaronson,1
Thom Mayne,1
Thomas Crowther,1
Megan Phelps-Roper,1
Keith Payne,1
Rachel Kleinfeld,1
Angela Garbes,1
Gregory Berns,1
Dave deBronkart,1
Michael Mauser,1
Neha Narula,1
Trevor Maber,1
Emma Schachner,1
Evan Williams,1
Martha Minow,1
Alison Ledgerwood,1
Liz Powers,1
James Howard Kunstler,1
Brian Janosch,1
Luka Seamus Wright and Imogen Ellen Napper,1
Susan Emmett,1
Daniel Goleman,1
Anja Blacha,1
Einstein the Parrot,1
David Rothkopf,1
Nadya Bartol,1
Philip Renaud and Kenneth Kostel,1
Graham Allison,1
Erik Brynjolfsson,1
Adam Alter,1
Julius Maada Bio,1
Lalitesh Katragadda,1
Andrew Peek,1
Elise Payzan-LeNestour,1
Cheryl Hayashi,1
Emma Lazarus,1
Sarah Ellis and Helen Tupper,1
Gary Niekerk,1
Sheila Marie Orfano and Densho,1
Alejandro Nespral,1
Aala El-Khani,1
Peta Greenfield & Alex Gendler,1
Kim Stanley Robinson,1
Jack Sinclair,1
Markus Mutz,1
Julia Galef,1
Laura Schulz,1
Marco Alverà,1
Joe Lassiter,1
Bill Joy,1
Dan Gross,1
Sara Menker,1
Priyanka Jain,1
Andrew McDonald,1
Lili Haydn,1
Naomi Mwaura,1
Xavier De Kestelier,1
Liz Hajek,1
Ghada Wali,1
Zac Goldsmith,1
George Tulevski,1
María Teresa Kumar,1
Anand Agarawala,1
 Climbing PoeTree,1
Reuben Jonathan Miller,1
Gillian Gibb,1
Patrice Thompson,1
Vinay Shandal,1
Manwar Ali,1
Thomas Dolby,1
Dame Vivian Hunt,1
Adam de la Zerda,1
Nanfu Wang,1
Erick Brethenoux,1
Morgana Bailey,1
Ameera Harouda,1
 Rei,1
Michael Murphy,1
Elizabeth Diller,1
Dimitar Sasselov,1
Rob Legato,1
Gregory Petsko,1
Cathy Mulzer,1
Jochen Wegner,1
Crystal Rasmussen,1
Kevin Rudd,1
Suchitra Krishnan-Sarin,1
Daniel Tammet,1
Sarah Barmak,1
Kate Orff,1
Thandiswa Mazwai,1
Shane Griffin,1
Karen Bass,1
Ofer Levy,1
Chitra Aiyar,1
Virginia Wotring,1
Ken Goldberg,1
Jun Wang,1
Andrew Pontzen and Tom Whyntie,1
Lindy Lou Isonhood,1
Manal al-Sharif,1
Mary Ellen Hannibal,1
Carolyn Marshall,1
Steve Keil,1
Lisa Seacat DeLuca,1
Uma Adwani,1
James Flynn,1
Tim Nevius,1
Carson Bruns,1
Jessa Gamble,1
Rachel Kyte,1
Eric Berlow and Sean Gourley,1
Nassim Assefi and Brian A. Levine,1
Allison Ramsey and Mary Staicu,1
Raghuram Rajan,1
Howard Taylor,1
Es Devlin,1
David Agus,1
Anu Puusa,1
Eman Mohammed,1
Abigail Marsh,1
Ursus Wehrli,1
Mounia Akl,1
Anna Malaika Tubbs,1
Nighat Dad,1
Dawn Wacek,1
Sophie Howe,1
David Holt,1
Michael Tilson Thomas,1
Mike deGruy,1
Aomawa Shields,1
Michael Stevens,1
Toby Eccles,1
Philip Krinks,1
Jonathan Tepperman,1
Douglas Beal,1
David Kwong,1
Michelle Mehrtens,1
Niro Sivanathan,1
Matthew Childs,1
Monika Blaumueller,1
Shai Reshef,1
Hanna-Ilona Härmävaara,1
Kwabena Boahen,1
Alejandro Durán,1
Claudia Miner,1
Hayley Levitt,1
James Cameron,1
Peta Greenfield,1
Rick Smolan,1
Rachelle Garniez,1
Paul Bennett,1
Marie Howe,1
Erricka Bridgeford,1
Tristram Stuart,1
Jane Chen,1
Hosted by Jane Fonda and Xiye Bastida,1
Hélène Morlon and Anna Papadopoulou,1
Marian Bantjes,1
Elise Roy,1
Mae Jemison,1
Stephen Burt,1
Ian Firth,1
Jane Poynter,1
Orisanmi Burton,1
Paul Sereno,1
William D. Desmond,1
Florian Pinel,1
Shane Koyczan,1
Matt Ridley,1
Jennifer Kahn,1
Bobby Ghosh,1
 Crush Club,1
Jamila Gordon,1
Krystian Aparta,1
Moshe Szyf,1
Tony Porter,1
Gerd Gigerenzer,1
Eames Demetrios,1
Temple Grandin,1
Brenda Romero,1
Mundano,1
Steven Strogatz,1
Darren Walker,1
Joshua Harvey,1
Rogier van der Heide,1
PatrickJMT,1
Lars Brownworth,1
Brendan Constantine,1
Holley Moyes,1
Lucas Raspall,1
John C. Trimble,1
Simon Berrow,1
Maurizio Seracini,1
Peggy McIntosh,1
Tomás Saraceno,1
Charles Moore,1
Aditi Shankardass,1
Julie Taymor,1
Aziz Abu Sarah,1
Ayah Bdeir,1
Laura Vanderkam,1
Judy Brewer,1
Bronwyn King,1
David Anderson,1
Abha Dawesar,1
Herman Narula,1
James Ludwig,1
Jody Williams,1
Eric Yuan,1
Kala Fleming,1
Sara Jones,1
Kevin B. Jones,1
Judith Jamison and members of the Alvin Ailey American Dance Theater,1
Panti Bliss,1
Yochai Benkler,1
Tim Smith,1
Doris Kearns Goodwin,1
Hector Lanz,1
Alison Sander,1
Scott Nguyen,1
Bastian Schaefer,1
John C. Moore and Eric Berlow,1
Mai Lan,1
Suzanne Duncan,1
"Miao Wang, Alok Sharma and Nigel Topping",1
Jonathan Smith,1
Sherry Turkle,1
Joshua Chu-Tan,1
Abbey Williams,1
Néstor Guerra,1
Risa Wechsler,1
Lennart Green,1
Seth Darling,1
Nandan Nilekani,1
Ben Cameron,1
Christine Porath,1
Mira Calix,1
Michael Archer,1
Ursula von der Leyen,1
Liz Coleman,1
Gail Reed,1
Ajay Banga,1
Scott Dinsmore,1
Stephen Palumbi,1
Lauren Zalaznick,1
Gary Greenberg,1
Sophie Zadeh,1
Beau Lotto + Amy O'Toole,1
Jeff Han,1
Benjamin Barber,1
Julie Chang,1
Mike Velings,1
Jared Kleinert,1
Stefan C. Dombrowski,1
Sara Garofalo,1
Woody Norris,1
Sue Klebold,1
Scott Kim,1
Michael Rain,1
Parul Sehgal,1
Jackson Katz,1
Evan Zodl,1
Barbara Block,1
Linda Cliatt-Wayman,1
Rodin Lyasoff,1
Graham Hawkes,1
Maya Beiser,1
H.E. Ellen Johnson Sirleaf,1
Paul Franklin,1
Matt Mullenweg,1
Sarah Cairns-Smith,1
Naturally 7,1
Peggy Weil,1
Eduardo Briceño,1
Ross Lovegrove,1
Jennifer Verduin,1
Rahwa Ghirmatzion and Zelalem Adefris,1
Nili Gilbert,1
Barat Ali Batoor,1
Jonathan J. O'Sullivan and Grace E. Cunningham,1
Yasin Kakande,1
Todd Dufresne,1
Daniel Molina,1
Euvin Naidoo,1
Shea Hembrey,1
Christopher C. Deam,1
Sarah Willersdorf,1
Yvonne van Amerongen,1
Leonora Neville,1
April Gudenrath,1
James A. White Sr.,1
Adam Spencer,1
Estelle Gibson,1
Daniel Lismore,1
Robert Chang,1
Stella Young,1
Chiki Sarkar,1
Charlie Jane Anders,1
Michael Corballis,1
Carolyn Freiwald,1
Lou Serico,1
Kevin J. Krizek,1
Eddie Jaku,1
Heidi Larson,1
Katie McGinty,1
Billy Samuel Mwape,1
David Lammy,1
Amara Berry,1
Amber McReynolds,1
Tim Hansen,1
'Gbenga Sesan,1
Siyanda Mohutsiwa,1
Zubaida Bai,1
David Witzeneder,1
Jessica Kerr,1
Sunitha Krishnan,1
Stephanie Kelton,1
Venus Keus,1
Mark Liddell,1
Tanya Menon,1
Cristina Domenech,1
Keith Bellows,1
Stefan Larsson,1
Jim Yong Kim,1
Ndidi Nwuneli,1
Greg Asner,1
James Patten,1
Sebastián Bortnik,1
Tiffany Watt Smith,1
Design Matters with Debbie Millman,1
Ayana Jamieson and Moya Bailey,1
Astro Teller,1
Jennifer Petriglieri,1
Maria Golubeva,1
Bill Davenhall,1
Lisa-Marie Johnston,1
Kalika Bali,1
Natalie Jeremijenko,1
Drew Berry,1
Knut Ivar Bjørlykhaug,1
Elora Hardy,1
Elizabeth Camarillo Gutierrez,1
Xiye Bastida,1
Rob Cooke,1
Rajiv Maheswaran,1
Beth Ford,1
Raspyni Brothers,1
Adie Delaney,1
Kristie Ebi,1
Christine Thach,1
Christer Mjåset,1
Christopher Robichaud,1
Achenyo Idachaba,1
Jessica Jackley,1
Gaspard Koenig,1
Howard Rheingold,1
The Nature Conservancy,1
Sandra Aamodt,1
Kings Floyd,1
Alex Tabarrok,1
Shai Marcu,1
Katie Hinde,1
Shimon Steinberg,1
Jon Gosier,1
Judd A. Schorr,1
Lucy Farey-Jones,1
Rene Laufer,1
Peggy Orenstein,1
Ryan Lobo,1
Melati and Isabel Wijsen,1
Cameron Paterson,1
Harvey Fineberg,1
Melissa Marshall,1
Lisa Krause,1
Ethan Lisi,1
Leor Weinberger,1
Rebecca Knill,1
Faith Osier,1
Nate Silver,1
Eric Sannerud,1
Martin Hanczyc,1
Michael Merzenich,1
Tabetha Boyajian,1
Tommy McCall,1
Melissa Marquez,1
Anna Heringer,1
Dwan Reece,1
Don Levy,1
Patrick Forth,1
Gala Marija Vrbanic,1
Arunachalam Muruganantham,1
Don Norman,1
Jon Nguyen,1
Niall Ferguson,1
Ashton Cofer,1
Sophie Rose,1
Lee Mokobe,1
Yannick Roudaut,1
Paul Pholeros,1
Joseph Kim,1
Hector Garcia,1
Ozawa Bineshi Albert,1
Shad Begum,1
Sivamani,1
Guy Harvey,1
Dorothy Roberts,1
VS Ramachandran,1
Aakash Odedra,1
Jeff Skoll,1
Alex Edmans,1
Peter Hirshberg,1
Timothy Prestero,1
Andrew Marantz,1
Raymond Tang,1
Penelope Boston,1
Frank Warren,1
Farwiza Farhan,1
"Mwende ""FreeQuency"" Katwiwa",1
Jeff Steers,1
Pardis Sabeti and Christian Happi,1
R. Alan Brooks,1
Jackie Gartner-Schmidt,1
Eddy Cartaya,1
Rébecca Kleinberger,1
Gwynne Shotwell,1
Tammy Lally,1
Natalya St. Clair,1
Boy Girl Banjo,1
James Randi,1
Daniel Dulek,1
Auret van Heerden,1
Beardyman,1
David Titley,1
Thomas Barnett,1
Sue Jaye Johnson,1
Geoff Emberling,1
Bhakti Sharma,1
Clifford Robbins,1
Al Vernacchio,1
Bill Keegan,1
Phillip Picardi,1
Ann Curry,1
Yoav Medan,1
Mina Bissell,1
Esta Soler,1
Joe Sabia,1
David Keith,1
Kelli Jean Drinkwater,1
Joseph Ravenell,1
Angela Belcher,1
Sebastian Kraves,1
Charly Haversat,1
Jason Robert Jaffe,1
Thomas Thwaites,1
Sam Richards,1
James Earle,1
Aicha Evans,1
Su Santidad el Papa Francisco,1
Pere Estupinyà,1
Vikram Sharma,1
Deeyah Khan,1
Todd Gershkowitz,1
Gemma Jackson,1
Matthew A. Wilson,1
Ibram X. Kendi,1
Hannah Gadsby,1
Tavi Gevinson,1
Shivani Siroya,1
Jim Simons,1
Supasorn Suwajanakorn,1
Robb Willer,1
Rajesh Rao,1
Stephen Doyle,1
Christina Warinner,1
Shlomo Benartzi,1
Hod Lipson,1
Alexandros Charalambides,1
Dave Meslin,1
AnnMarie Thomas,1
Kate Adams,1
Hanna Rosin,1
Janette Sadik-Khan,1
Emily Pilloton,1
Martin Pistorius,1
Dean Furness,1
Alberto Garín,1
Federica Bianco,1
Jessica Ladd,1
Khalida Brohi,1
Robert Prill,1
Doug Roble,1
Adam Grosser,1
William Butler Yeats,1
Michael Nielsen,1
Clifford Stoll,1
Eric Mead,1
Kirk Citron,1
Bill Strickland,1
Frederic Kaplan,1
Jennifer Wilcox,1
Leonard Susskind,1
Devin Shuman,1
Karen DeSalvo,1
Martha Redbone,1
Kirsten Hall,1
Jim Fallon,1
Dyan deNapoli,1
Erick Wilberding,1
Rashad Robinson,1
Ramsey Musallam,1
Michael Arntfield,1
Briana Brownell,1
Jinsop Lee,1
Sara Seager,1
Stefen Chow,1
Mackenzie Dalrymple,1
Kavita Ramdas,1
Thomas Pogge,1
Chance Coughenour,1
Dan Cobley,1
Susan Ruffo,1
Amina J. Mohammed,1
Fabien Cousteau,1
C.K. Williams,1
Nilay Kulkarni,1
David L. Hu,1
Joseph Shin,1
Michael R. Stiff,1
Beth Ann Fennelly,1
Lauren Pharr,1
David Dunning,1
Nadjia Yousif,1
Canwen Xu,1
Kasha Patel,1
Jessica Oreck and Rachael Teel,1
John Marshall,1
Juno Mac,1
Ioannis Papachimonas,1
Alexander Tsiaras,1
David Ian Howe,1
Brian Little,1
Karen Scrivener,1
David McCandless,1
Ryan Merkley,1
Keith Weed,1
John Delaney,1
Fredy Peccerelli,1
Dan Bricklin,1
Caleb Barlow,1
Luisa Neubauer,1
 Sofi Tukker,1
Naima Penniman,1
Jim Whitehurst,1
David Griffin,1
Euna Lee,1
Tanya Boucicaut,1
Shelley Shott,1
Deepa Narayan,1
James Lyne,1
Tom Osborn,1
Aleph Molinari,1
Susan M. Reverby,1
Kashmir Hill and Surya Mattu,1
Adam Ostrow,1
Mena Trott,1
Walé Oyéjidé,1
Bill Bernat,1
James Beacham,1
Stacie Bosley,1
Sougwen Chung,1
Gwen Yi Wong,1
Victoria Gill,1
Nadine Burke Harris,1
Joshua Klein,1
Ricardo Iacub,1
Sebastião Salgado,1
Andy Hobsbawm,1
Renata di Tullio,1
Julie Cordua,1
Jonny Sun,1
Audrey Choi,1
Charles Anderson,1
Dragana Rogulja,1
Christine Carter,1
Achin Bhowmik,1
Ed Yong,1
Mohamed Hijri,1
 JR,1
Brooke Buddemeier and Jessica S. Wieder,1
Carlo Ratti,1
Nate Garvis,1
Ronald Rael,1
Margaret Wertheim,1
Andrea Gibson,1
Alex Kipman,1
Gregg Garn,1
Rodrigo Bijou,1
Helen Czerski,1
John La Grou,1
Efosa Ojomo,1
Olúfẹ́mi Táíwò,1
Eddie Woo,1
Erin Baumgartner,1
Refik Anadol,1
Brenda Laurel,1
Julie Burstein,1
Solomon Goldstein-Rose,1
Nikki Clifton,1
Charles P. Smith,1
Zoë Karl-Waithaka,1
Gowri Shankar,1
Andras Forgacs,1
Kristie Overstreet,1
Chrystina Russell,1
Laura L. Dunn,1
Ruchi Shah,1
Anjali Kumar,1
Joel Jackson,1
Steve Jobs,1
Gretchen Carlson,1
Wolfgang Kessling,1
Nicki Beaman Griffin,1
Leah Chase and Pat Mitchell,1
Eric Hinterman,1
Brian Skerry,1
Jeffrey Siegel,1
"Xiye Bastida, Shiv Soin and Latif Nasser",1
Angela Oguntala,1
Yossi Elran,1
Kashfia Rahman,1
Charles Elachi,1
Joy Buolamwini,1
Vernā Myers,1
Jill Shargaa,1
Nithya Ramanathan,1
Kristen Ashburn,1
Heather Malyuk,1
Sana Amanat,1
Bertrand Piccard,1
Liz Fosslien,1
Hanako Sawada,1
Ethan Lindenberger,1
Rana Novack,1
Hasan Elahi,1
Nic Marks,1
Josh Luber,1
Jane Fonda and Lily Tomlin,1
Carl Schoonover,1
Cédric Villani,1
Hilary Cottam,1
Lars Jönsson,1
John Lewis and Bryan Stevenson,1
Melinda Babits,1
Elaine Fong,1
David Birch,1
Kay Almere Read,1
Ayana Elizabeth Johnson and Jennifer Jacquet,1
Alex Rosenthal and Pall Thordarson,1
Steve Rothstein,1
Anand Varma,1
Jill Heinerth,1
Jim Al-Khalili,1
Danielle de Niese,1
Augusto Carballido,1
Aaron Maniam,1
David Katz,1
Todd Humphreys,1
Charity Wayua,1
Tim Dunn,1
Abraham Verghese,1
Laura Snyder,1
Pat Crowley,1
Stephanie Warren,1
Barton Seaver,1
Pete Buttigieg,1
Mihaly Csikszentmihalyi,1
Charlie Todd,1
Ben Ambridge,1
Fay Bound Alberti,1
David Lindell,1
David Eagleman,1
Tricia Wang,1
Catharine Young,1
Marko Russiver,1
Charlene Li,1
Jorge Soto,1
Marc Pachter,1
Catarina Mota,1
Gavin McCormick,1
Robin Nagle,1
Margaret Morris,1
Noel Bairey Merz,1
LB Hannahs,1
Tom Hulme,1
Wendy MacNaughton,1
Ben Kacyra,1
Kiah Williams,1
Pierre Barreau,1
 Lucius,1
Phil Hansen,1
Hendrik Poinar,1
Dustin Burke,1
Özlem Cekic,1
Sarah Sze,1
Leila Pirhaji,1
Susan Savage-Rumbaugh,1
Mick Mountz,1
Macinley Butson,1
Ananda Shankar Jayant,1
Oliver Jeffers,1
Sarah Kessans,1
T. Boone Pickens,1
Robert Hammond,1
Mary L. Gray,1
Tarana Burke,1
Dave Matthews,1
Hans and Ola Rosling,1
Ilona Stengel,1
Valentin Hammoudi,1
Jane Hirshfield,1
Laura Galante,1
Joelle Rabow Maletis,1
Lisa Nip,1
Alex Honnold,1
Arindam Bhattacharya,1
Miru Kim,1
Bob Nease,1
Justin Baldoni,1
Raphael Rose,1
Ron Finley,1
Katherine Kuchenbecker,1
Quixotic Fusion,1
Emily Anhalt,1
Douglas L. Oliver,1
Kaitlyn Sadtler and Elizabeth Wayne,1
Eldridge Adams,1
Yvette Alberdingk Thijm,1
Elizabeth Nyamayaro,1
Mohamad Jebara,1
 Silk Road Ensemble,1
Kaitlyn Sadtler and Heather J. Faust,1
Danit Peleg,1
Mallory Freeman,1
Carvens Lissaint,1
Christiane Amanpour,1
Matilda Ho,1
Rick Doblin,1
Molly Webster,1
Jonathan Marks,1
Lisa Jackson and Liz Ogbu,1
Naomi Shimada,1
David Bolinsky,1
Yuko Morita,1
Olivia Affuso,1
David Fleischer,1
 Countdown,1
Min Zhu,1
Renata Salecl,1
Sarah Murray,1
Kendall Spencer,1
Sting,1
Arthur Brooks,1
Yale Fox,1
Brian Goldman,1
Nagin Cox,1
Daniel H. Cohen,1
Veerle Provoost,1
Robert A. Belle,1
Min Kym,1
George Blair-West,1
Tea Uglow,1
James Kozloski,1
Richard Turere,1
Eric X. Li,1
Wendy Troxel,1
Ben Wellington,1
Kathy Kleiman,1
Nina Jablonski,1
Jennifer Healey,1
Bhu Srinivasan,1
Roger Hanlon,1
Jennifer Allison,1
Sharon Terry,1
Dr. Robert Talisse,1
Zoe Pierrat,1
Patsy Rodenburg,1
Ned Blackhawk and Jeffrey D. Means,1
"Alicia Garza, Patrisse Cullors and Opal Tometi",1
Zak Ebrahim,1
Tierney Thys and Plankton Chronicles Project,1
Arnav Kapur,1
Abigail Disney,1
Bright Simons,1
Wisecrack,1
Clay Routledge,1
Nisha Anand,1
Teresa Bejan,1
Robert Lustig,1
Fields Wicker-Miurin,1
Pablo Santa Cruz,1
Chrystia Freeland,1
Mark Changizi,1
Erez Yoeli,1
Eric Berlow,1
Oded Shoseyov,1
Gabby Rivera,1
Julia Kloiber,1
Sergei Lupashin,1
Ralph Nader,1
"Al Gore, Gloria Kasang Bulus, Nana Firman, Ximena Loría and Tim Guinee",1
Ge Wang,1
Alexander Belcredi,1
Claron McFadden,1
Melinda Briana Epler,1
Shawn Achor,1
Katerina Kaouri,1
Diane Benscoter,1
José Bowen,1
Timothy Graf,1
Shah Rukh Khan,1
David Cameron,1
Amy Purdy,1
Sarah Rugheimer,1
Adam Clulow,1
Ian Strange,1
Joe Madiath,1
Homaro Cantu + Ben Roche,1
Michael Norton,1
Nick Turner and Whitney Pennington Rodgers,1
Topher White,1
Alastair Gray,1
Aaron O'Connell,1
Loretta Napoleoni,1
Alisa Kazarina,1
Reniqua Allen,1
Karalee Close,1
Thasunda Duckett,1
Beth Mortimer and Tarje Nissen-Meyer,1
Kid Cudi,1
Tiana Epps-Johnson,1
Shekhar Kapur,1
Beth Noveck,1
Jan Stejskal,1
Vikas Jaitely,1
Jill Dash,1
Tapiwa Chiwewe,1
Bilal Bomani,1
Martin Ford,1
Lorenzo García-Amaya,1
Steven Sharp Nelson,1
Shu Matsuo Post,1
Amel Karboul,1
Fredros Okumu,1
Ariel Anbar,1
Scott Galloway,1
Peter Tyack,1
Gregory Heyworth,1
Hiromi Ozaki,1
Jordana Moore Saggese,1
Priscilla Pemu,1
Vanessa Ruiz,1
Rebecca Firth,1
Nicaila Matthews Okome,1
Laura Carstensen,1
Rev. William Barber and Rev. Liz Theoharis,1
Yoruba Richen,1
Vincent Cochetel,1
Wendy Suzuki,1
Andrew Fitzgerald,1
Roman Krznaric,1
Michael C. Bush,1
Dan Pink,1
Genevieve Bell,1
Anne Marie Albano,1
Denise Herzing,1
Zohreh Davoudi,1
Jonathan Zittrain,1
Anders Fjellberg,1
Dan Phillips,1
Caroline Phillips,1
Halla Tómasdóttir and Bryn Freedman,1
George Ayittey,1
Yemi Alade,1
Emeli Sandé,1
Britta Riley,1
Katherine Fulton,1
David Biello,1
Amber Case,1
Erin Meezan,1
Kimberlé Crenshaw,1
Cary Fowler,1
Matt Russo,1
Dan Sayers,1
José Américano N L F de Freitas,1
Christina Costa,1
Lisa Janae Bacon,1
Karen Eber,1
Stephanie Sardelis,1
Joseph McGill,1
Bill Shillito,1
Fadi Chehadé and Bryn Freedman,1
Sian Leah Beilock,1
César Cuauhtémoc García Hernández,1
Jim Hudspeth,1
Tania Luna,1
Oscar Schwartz,1
Scott Rickard,1
Bjørn Otto Sverdrup,1
Jeremy Rifkin,1
Esther Meduna,1
Mario Paluzzi,1
Daniel Wolpert,1
Kiran Bedi,1
Jason Fried,1
Lea Gaslowitz,1
Karl Skjonnemand,1
Pawan Sinha,1
Tim Jackson,1
Sharon Horesh Bergquist,1
Joachim de Posada,1
May El-Khalil,1
Amane Dannouni,1
Kate Messner,1
Aspen Baker,1
Andrew Vanden Heuvel,1
Sarah Brosnan,1
Jim Hagemann Snabe,1
Craig Costello,1
Philip Evans,1
Elizabeth Hellmuth Margulis,1
Charles C. Mann,1
iO Tillett Wright,1
Amanda Palmer,1
Camilla Arndal Andersen,1
John O'Leary,1
Antonio Donato Nobre,1
Kate Hartman,1
Kathryn Bouskill,1
Daniel M. Abrams,1
Victor Rios,1
Travis Kalanick,1
Seyi Oyesola,1
Irwin Redlener,1
Leah Georges,1
Mark Robinson and Alex Gendler,1
Christian Schröter,1
Ewandro Magalhaes,1
Paul Kemp-Robertson,1
Smruti Jukur Johari,1
Irene Mora,1
Kate Raworth,1
Hasini Jayatilaka,1
Leo Igwe,1
Inara George,1
Vinith Misra,1
Dustin Tahmahkera,1
Anil Gupta,1
Andrew Connolly,1
 Beautyrest,1
Mike Sempert,1
Nadia Al-Sakkaf,1
Rha Goddess and Deepa Purushothaman,1
Andrea Berchowitz,1
Nirupa Rao,1
Diane Wolk-Rogers,1
Lyra McKee,1
Robert Ballard,1
Stephen Lawler,1
Chuck Nice,1
Yeonmi Park,1
Caroline Catlin,1
Einav Zamir Dembin,1
Dan Gibson,1
Joseph Pine,1
Amy Milton,1
Matteo Salvadore,1
Dexter Dias,1
Jodi-Ann Burey,1
Jennifer Doudna,1
Brian Jones,1
Thomas Curran,1
Thulasiraj Ravilla,1
Shravan S K,1
Angel Chang,1
Tom Nash,1
Michael Ringel,1
Elizabeth Leane,1
Ruby Sales,1
Nancy Duarte,1
Paul Gilding,1
Frank Müller-Pierstorff,1
Judson Brewer,1
Ingrid Fetell Lee,1
Barbara Sherman,1
Paul Moller,1
Jessica Green and Karen Guillemin,1
Anika Hazra,1
Ken Kamler,1
Jose Miguel Sokoloff,1
Andrew Blum,1
Ji-Hae Park,1
Molly Stevens,1
Edward Snowden,1
Tomas Elemans,1
Franco Sacchi,1
Angela Patton,1
Jennifer Granick,1
Ory Okolloh,1
Yen Pham,1
Sam Hester,1
Harrison Scott Key,1
"William ""Sandy"" Darity",1
Caitria + Morgan O'Neill,1
Bruno Bowden + Rufus Cappadocia,1
Raphael Arar,1
Arvind Gupta,1
Billie Jean King,1
Matt Porter and Margaret Hamilton,1
Mathias Jud,1
Daniel Bögre Udell,1
Patrick Ferrucci,1
Robert Lang,1
Michael Kimmel,1
Larry Page,1
Morley,1
Pamela Meyer,1
Jim Collins,1
Fernanda Castillo,1
Eleni Gabre-Madhin,1
Maysoon Zayid,1
Pilobolus,1
Markham Nolan,1
Ray Zahab,1
Paula Hammond,1
Meg Jacobs,1
Curtis Austin,1
Kent Larson,1
Nathalie Cabrol,1
Richard Pyle,1
Tara Houska,1
Ken Jennings,1
Karoliina Korppoo,1
Julian Assange,1
Muhammed Idris,1
Daniel Libeskind,1
Albert-László Barabási,1
Matthew Williams,1
Tracee Ellis Ross,1
Hannah Brencher,1
Chris Kluwe,1
Christoph Adami,1
Roy Gould + Curtis Wong,1
Anna Deavere Smith,1
Caroline Casey,1
Elizabeth White,1
Lucy Kalanithi,1
Ole Scheeren,1
Madeleine Albright,1
William Noel,1
Trebor Scholz,1
Peter Norvig,1
Stefan Gross-Selbeck,1
Antara Raychaudhuri and Iseult Gillespie,1
Sunni Brown,1
Elizabeth Cawein,1
Erik Hersman,1
Bill Clinton,1
Ted Halstead,1
Scott Peeples,1
Kio Stark,1
Sean Sherman,1
Joel Leon,1
Elijah Cummings,1
Scott Fraser,1
Dr. Natascha M. Santos,1
Sitawa Wafula,1
Munir Virani,1
Sarah Gray,1
Truls Nord,1
Neal Katyal,1
Sheikha Al Mayassa,1
Wendy Hawkins,1
Shonda Rhimes,1
Lian Pin Koh,1
Imogen Heap,1
Gary Devore,1
Itamar Mann,1
Christina Agapakis,1
Ivan Oransky,1
Thomas Suarez,1
Emily Zobel Marshall,1
Howard C. Stevenson,1
Akshita Agarwal,1
Eric Giler,1
Bruce Bueno de Mesquita,1
Sunil Prashara,1
Lucy King,1
Larry Burns,1
Amber Hikes,1
Jacek Utko,1
Naomi Oreskes,1
Douglas Thomas,1
George Siedel and Christine Ladwig,1
Jeannette Garcia,1
Becky  Blanton,1
Netta Schramm,1
Mitchell Joachim,1
Pamelia Kurstin,1
Fang Ruan,1
Yaël Eisenstat,1
Lisa Feldman Barrett,1
Tim Birkhead,1
Micah Eames,1
Chase LaDue and Bruce A. Schulte,1
Sheila Patek,1
Anastasia Penright,1
Kenneth Lacovara,1
David York,1
Salvatore Iaconesi,1
Melody Smith,1
David Asch,1
Michael Bodekaer,1
Warren Valdmanis,1
Stacey Abrams,1
Cassie Flynn,1
Jessica Ochoa Hendrix,1
Caitlin Quattromani and Lauran Arledge,1
Jude Kelly,1
Sarah Montana,1
Marlene Daut,1
Francisco Díez-Buzo,1
Drew Silverstein,1
Sergey Brin,1
Lemon Andersen,1
Tiq Milan and Kim Katrin Milan,1
Wes Moore,1
Will Jenkins,1
Roger McNamee,1
Eduardo Paes,1
Kate Marvel,1
P.J. Parmar,1
Débora Mesa Molina,1
Lena Dumont,1
Anirudh Sharma,1
Jim Toomey,1
Monica Johnson,1
Tania Douglas,1
Garth Lenz,1
Sophia Wallace,1
Irina Kareva,1
 Belle and Sebastian,1
Feisal Abdul Rauf,1
Lidia Yuknavitch,1
Dan Pacholke,1
Lara Maiklem,1
Madison McFerrin,1
Nina Dølvik Brochmann and Ellen Støkken Dahl,1
Sebastian Seung,1
Stan Lee,1
Anthony Hazard,1
Kathy Mendias,1
Steven Allison,1
Taken for Granted,1
Shashi Tharoor,1
Frederick Streeter Barrett,1
Lisa Margonelli,1
Harald Eia,1
Enrico Ramirez-Ruiz,1
Dan Knights,1
Trevor Copp and Jeff Fox,1
David R. Dow,1
Giada Gerboni,1
Eleanor Longden,1
Gil Weinberg,1
Ellen Agler,1
Seena Mathew,1
Darien Satterfield,1
Yannay Khaikin,1
Heidi Boisvert,1
Jean-Baptiste Michel,1
Barry Schuler,1
Cláudio Guerra,1
Heribert Watzke,1
Elizabeth Dunn,1
Greg Anderson,1
Henry Evans and Chad Jenkins,1
Aracelis Girmay,1
Alex Laskey,1
Lewis Carroll,1
Carin Bondar,1
Jarreth Merz,1
Tim Urban,1
Jennifer Aaker and Naomi Bagdonas,1
David Kessler,1
Steven Schwaitzberg,1
Virginia Postrel,1
Audrey Tang,1
Anupam Mishra,1
Taylor Mali,1
Drew Curtis,1
Bill T. Jones,1
Tara Djokic,1
Chetan Bhatt,1
John Biewen,1
Hrishikesh Hirway,1
Patrice Gordon,1
Anne Gaskett,1
Kluane Adamek,1
Dawn Maslar,1
James Forbes,1
Casey Brown,1
Clara Sousa-Silva,1
Chris Hadfield,1
Henry Markram,1
America Ferrera,1
Gill Hicks,1
Jeffrey A. Lockwood,1
Suzanne Talhouk,1
Matthew Mazzotta,1
Vikram Bhalla,1
Laurence Hurst,1
Nick Sears,1
Adam Kucharski,1
Todd Coleman,1
Melvin Russell,1
Hamdi Ulukaya,1
Carlos Bautista,1
Nina Klietsch,1
Benjamin Wallace,1
Alicia Malone,1
Leland Melvin,1
Robert Palmer,1
Stuart Oda,1
David Lee,1
Hadyn Parry,1
Fiorenzo Omenetto,1
Max Little,1
 Joan As Police Woman,1
Dallas Taylor,1
Yve Blake,1
Mike O'Sullivan,1
Hillel Cooperman,1
Colin Stokes,1
Jack Levis,1
Megan Parker,1
Paula Stone Williams and Jonathan Williams,1
 LADAMA,1
Kristen Wenz,1
Mike Cannon-Brookes,1
Alyssa Loorya,1
Sasha Sarago,1
Sharon Brous,1
Xavier Vilalta,1
Katlego Kolanyane-Kesupile,1
Yassmin Abdel-Magied,1
Nonny de la Peña,1
Hetain Patel,1
 Butterscotch,1
Aimée Eubanks Davis,1
Daphne Koller,1
Silk Road Ensemble + Rhiannon Giddens,1
Steven Wise,1
Roger Doiron,1
Haimanti Roy,1
James Keblas,1
Josh Samani,1
Grace Kim,1
Lorna Davis,1
Rich Lesser,1
Bruce Schneier,1
Khadijah Tribble,1
Joseph Isaac,1
Alexis Charpentier,1
Marc Kushner,1
Daniel Kish,1
Elizabeth Stordeur Pryor,1
Abigail Washburn,1
Shih Chieh Huang,1
Marilyn Waring,1
Billy Graham,1
Michelle Obama,1
Usman Riaz + Preston Reed,1
Peter Beck,1
Paul Snelgrove,1
Aris Venetikidis,1
David J. Malan,1
Takis S. Pappas,1
Ariel Garten,1
Rebecca Saxe,1
Teddy Cruz,1
Sydney Chaffee,1
Tony Fadell,1
Bryan Stevenson,1
Ron Gutman,1
Angela Koine Flynn,1
Coby Everton,1
Mitchell Katz,1
Pekka Hämäläinen,1
Adeola Fayehun,1
Robert Waldinger,1
Caitlin Holman,1
Sebastian Thrun,1
Leah Lagos and Jaspal Ricky Singh,1
Alan Russell,1
Bruno Torturra,1
Lara Setrakian,1
Mike Schwartz,1
Kathy Hannun,1
Liu Thai Ker,1
Lord Nicholas Stern,1
Ani Liu,1
Vincent Moon and Naná Vasconcelos,1
Angélique Parisot-Potter,1
Paula Johnson,1
Marjee Chmiel and Trevor Owens,1
Emily Parsons-Lord,1
Rahaf Harfoush,1
Sethembile Msezane,1
Benoit Mandelbrot,1
Christian Wickert,1
Oliver Sacks,1
Alan Eustace,1
Dave Isay,1
Steve Boyes,1
Helen Gillet,1
Rodrigo Canales,1
Joseph Gordon-Levitt,1
Ashwini Bhandiwad,1
Virginia Smith,1
Mark Ronson,1
Christina Wallace,1
Leslie Morgan Steiner,1
Matt Beane,1
Priya Vulchi and Winona Guo,1
Inés Hercovich,1
Diane Kelly,1
Yann Arthus-Bertrand,1
Amy Herman,1
Phil Tetlow,1
Dan Jørgensen,1
Robin Hooker,1
Arleen Sugano,1
Bill Ford,1
Sasa Vucinic,1
Sophie Hunger,1
Megan Washington,1
Lana Yarosh,1
Christian Jarrett,1
Sabine Doebel,1
Juan Pablo Sáez Gil,1
Neil R. Jeyasingam,1
Carolyn Steel,1
Madame Gandhi,1
"Elizabeth ""Zibi"" Turtle",1
Andrew Bird,1
Cal Newport,1
Scott Szwast,1
Rana el Kaliouby,1
Molly Crockett,1
Kare Anderson,1
Kevin Bales,1
Craig Silliman,1
Mahir Can Işik,1
Barbara J. King,1
Stew,1
Dr. Matt J. Carlson,1
Anna Post,1
Lýdia Machová,1
Ashley Judd,1
Elizabeth Blackburn,1
Jota Samper,1
Dan Walker,1
Richard Preston,1
Cornelia Geppert,1
Peter Molyneux,1
Lizzie Velásquez,1
Jason Pontin,1
James K. Thornton,1
Rabiaa El Garani,1
Mia Birdsong,1
Kathryn A. Whitehead,1
Abhishek Gopalka,1
Christopher Danielson,1
J.D. Vance,1
Amanda Little,1
Winnie Harlow,1
Emily Quinn,1
Kelly Lepley,1
Kelly Richmond Pope,1
Gabrielle Walker,1
Nimisha Jain,1
Karin Nilsdotter,1
Brian D. Avery,1
John Underkoffler,1
Frances Frei,1
Noah Tavlin,1
Ashwini Mrinal Bhagat,1
Shaffi Mather,1
Janelle Shane,1
Marcelo Mena,1
Clément Vidal,1
Kevin Allocca,1
Kristin Poinar,1
Shadé Zahrai and Aric Yegudkin,1
Robert Gupta + Joshua Roman,1
Alyson McGregor,1
Laurie Santos,1
David Grady,1
Ranveer Chandra,1
Memory Banda,1
Gina Cooke,1
Abe Davis,1
Thomas Piketty,1
W. Keith Campbell,1
Nomava Zanazo,1
Dayananda Saraswati,1
Michelle Greene,1
Jennifer Golbeck,1
Paula Scher,1
Zaria Forman,1
Jonathan Foley,1
Debra Jarvis,1
Nadya Mason,1
Ashweetha Shetty,1
Bran Ferren,1
Jorge Drexler,1
Marianne Schwarz,1
Erika Gregory,1
Ian Kerner,1
Jessica Pryce,1
Joao Pedro de Magalhaes,1
Kai-Fu Lee,1
Liza Donnelly,1
Pat Mitchell,1
Lee Hotz,1
Geena Rocero,1
Melissa Walker,1
Ivan Poupyrev,1
Iain McGilchrist,1
Sarah T. Stewart,1
Lina Marieth Hoyos,1
Péter Fankhauser,1
Todd Scott,1
Mark Pagel,1
Ruby Wax,1
Yossi Vardi,1
Aaron Reedy,1
TED Radio Hour,1
Jimmy Nelson,1
Gil Winch,1
Niti Bhan,1
Candis Watts Smith,1
Martin Seligman,1
Luke Sital-Singh,1
Sara Valencia Botto,1
Eve Pearlman,1
John Hardy,1
Cara E. Yar Khan,1
John Gerzema,1
Baba Shiv,1
Brewster Kahle,1
Cameron Morin,1
Erika Debenedictis,1
David Byrne,1
Ziyah Gafić,1
Findlay Napier and Gillian Frame,1
Robert Frost,1
David Binder,1
Ashwin Naidu,1
Cory Combs,1
Amar Inamdar,1
"Lauren Hodge, Shree Bose + Naomi Shah",1
Ali Kashani,1
Gary Lauder,1
Samantha Nutt,1
Augie Picado,1
Alex Apella,1
Thomas W. Cronin,1
Michael Dickinson,1
Alix Generous,1
 The Ferocious Few,1
Juliana Machado Ferreira,1
David Cage,1
Tito Deler,1
Anne-Marie Slaughter,1
Rusha Modi,1
Luke Syson,1
Sheryl WuDunn,1
Jarrell Daniels,1
Christiane-Marie Abu Sarah,1
Garrett Lisi,1
Patricia Burchat,1
Alexander MacDonald,1
Karen Lellouche Tordjman,1
Zahra' Langhi,1
Mike Rowe,1
Siddhartha Roy,1
Maurice Conti,1
Denise Zmekhol,1
Dan Van der Vieren,1
Mick Cornett,1
David Autor,1
Daniel Schnitzer,1
Mustafa Akyol,1
Judy Cebra-Thomas,1
Ruth Chang,1
Angelica Dass,1
Miguel Alcubierre,1
Lucy McRae,1
Elizabeth Streb,1
Steve Ramirez and Xu Liu,1
Adam Carroll,1
Jonathan Rossiter,1
José Antonio Abreu,1
Zachary R. Wood,1
John Hockenberry,1
Bruce McCall,1
Dena Simmons,1
Renée Lertzman,1
Uri Hasson,1
Ian Dunbar,1
Stewart Brand + Mark Z. Jacobson,1
Neri Oxman,1
Wayne McGregor,1
Jennifer Vail,1
 Sigrid,1
Mark Lytle,1
Daniel Krawczyk,1
Maira Kalman,1
Conrad Wolfram,1
Noreena Hertz,1
Mathieu Lehanneur,1
Joshua Smith,1
Neil Turok,1
David Christian,1
Jesse Byock,1
Alba Sotorra,1
Monique W. Morris,1
Sviatlana Tsikhanouskaya,1
Camilo Ramirez,1
Tom Shannon,1
Gabby Giffords and Mark Kelly,1
Paul Hessburg,1
Emily F. Rothman,1
Sebastian Thrun and Chris Anderson,1
Gilad Bino,1
Adam Cutler,1
Björn Ulvaeus,1
Rose Goslinga,1
Isaac Lidsky,1
Mark Pollock and Simone George,1
Michelle Knox,1
Fabian Hemmert,1
Larry Lagerstrom,1
Chris Bennett,1
Matthew Borths,1
Caroline Harper,1
Marie Brodsky,1
Leslie Kenna,1
Robin Steinberg and Manoush Zomorodi,1
David Bismark,1
Malala Yousafzai,1
Daniele Quercia,1
John Cameron,1
Nivruti Rai,1
Chetna Gala Sinha,1
Christopher deCharms,1
Magatte Wade,1
Adam Davidson,1
Gina Brillon,1
Peter Ouko,1
Majd Mashharawi,1
Burçin Mutlu-Pakdil,1
Alexander Tuerpitz,1
A. Dara Dotz,1
Mariana Lin,1
Glen Henry,1
Paul S. Kindstedt,1
Rola Hallam,1
Erica Frenkel,1
Lei Li,1
Karina Galperin,1
Omar Ahmad,1
Martine Rothblatt,1
Serena Williams and Gayle King,1
Ernestine Leikeki Sevidzem,1
Lindiwe Mazibuko,1
Cara Greene Epstein,1
Checking In with Susan David,1
Gustavo Dudamel and the Teresa Carreño Youth Orchestra,1
Keith Lowe,1
Wanuri Kahiu,1
Mick Ebeling,1
George Steinmetz,1
Hubertus Knabe,1
Alexander McLean,1
Robert Hakiza,1
Robyn Stein DeLuca,1
Bryan Kett,1
Jay Cousins,1
Robin Murphy,1
Mohammad Modarres,1
Travis Rieder,1
Katherine Eban,1
Dan Barasch,1
Peter Gabriel,1
Andrea M. Henle,1
Abigail Spanberger,1
Bob Inglis,1
Ione Wells,1
Chera Kowalski,1
Helder Guimarães,1
Alyssa Monks,1
Nnedi Okorafor,1
Katherine Hampsten,1
Arunabha Ghosh,1
Sebastian Deterding,1
Ann-Helén Bay,1
Pearl Arredondo,1
Galit Ariel,1
Cheryl Holder,1
Lee Smolin,1
Heather Brooke,1
Tamekia MizLadi Smith,1
Terri Conley,1
Prumsodun Ok,1
Kishore Mahbubani,1
Brian Dettmer,1
Tasha Eurich,1
Stewart Brand and Chris Anderson,1
Cameron Herold,1
Monika Bulaj,1
"Christopher ""moot"" Poole",1
John Hunter,1
Esha Alwani,1
Naif Al-Mutawa,1
Lisa Gansky,1
Danielle N. Lee,1
Gunjan Bhardwaj,1
Rocío Lorenzo,1
Jane Walsh,1
Steven Addis,1
Gordon Hamilton,1
Richard Neville,1
Christian Rudder,1
John Francis,1
Jamie Heywood,1
Rainer Strack,1
Sanford Biggers,1
Ise Lyfe,1
Elyn Saks,1
Carol Farbotko and Ingrid Boas,1
Drew Dudley,1
Manav Subodh,1
Alice Gorman,1
David Ikard,1
Amy Hrdina and Jesse Kroll,1
Carl June,1
Michael McDaniel,1
Megan McArthur,1
Neil Harbisson,1
Jerry Chow,1
Hugh Evans,1
Leah Garcés,1
Bernie Dunlap,1
Christian Picciolini,1
Kandice Sumner,1
Robert Reffkin,1
Daniel H. Pink,1
Musimbi Kanyoro,1
Knut Haanaes,1
Paul Lewis,1
Grady Booch,1
Khalil Ramadi,1
Annette Heuser,1
Nabiha Saklayen,1
Keith Eggener,1
Barbara Natterson-Horowitz,1
Karissa Sanbonmatsu,1
Michael Mieni,1
Sarvesh Subramanian,1
Alok Sharma,1
Romulus Whitaker,1
Giulia Enders,1
Laura Robinson,1
Lauren Esposito,1
Lloyd Treinish,1
The Lady Lifers,1
Jim Holt,1
Vikram Patel,1
Britt Wray,1
Todd Kuiken,1
Jared Ficklin,1
Ziauddin Yousafzai,1
Gabriela González,1
Reggie Watts,1
Denis Dutton,1
Lee Thomas,1
Dianna Cohen,1
Joel Selanikio,1
James Burchfield,1
Nita Farahany,1
Evgeny Morozov,1
Diane Knutson,1
Richard Sears,1
Laolu Senbanjo,1
Dylan Marron,1
Nancy Etcoff,1
Roselinde Torres,1
Joan Halifax,1
Conor Heffernan,1
Doris Kim Sung,1
Tracy Chevalier,1
Larry Smith,1
Joe Smith,1
Kevin Slavin,1
Wale Elegbede,1
Larry Irvin,1
Makhtoum Abdalla,1
Mostafa Minawi,1
Kathryn Kolbert,1
Mónica Ramírez,1
Touria El Glaoui,1
Ari Wallach,1
Toni Griffin,1
Richard Resnick,1
Stephen Ritz,1
Iain Hutchison,1
Dr. Bernice King,1
Miriam Zoila Pérez,1
Chuck Murry,1
Sarah-Jayne Blakemore,1
Rebecca J. Barthelmie and Sara C. Pryor,1
Jill Farrant,1
Kim Preshoff,1
Jessi Arrington,1
Isabel Behncke,1
John Green,1
Simone Bianco and Tom Zimmerman,1
Natasha Hurley-Walker,1
Kate Wagner,1
Leila Hoteit,1
Dan Berkenstock,1
Liz Ogbu,1
Paul Tudor Jones II,1
Soka Moses,1
Daniel J. Watts,1
Keith Barry,1
Fred Swaniker,1
Peter Eigen,1
Cleo Wade,1
Roz Savage,1
Brian Kateman,1
Louise Leakey,1
Jackie Savitz,1
Elyse Cox,1
Nicole Wilson,1
Jeremy Kasdin,1
Tyrone Hayes + Penelope Jagessar Chaffer,1
Sam Kass,1
Kevin Surace,1
Sarah Donnelly,1
Duarte Geraldino,1
Sō Percussion,1
Peter Doolittle,1
Tom Griffiths,1
Mikael Fogelstrom,1
Steven Cowley,1
Christopher E. Gaw,1
Ralitsa Petrova,1
Geoffrey West,1
Michelle Brown,1
Jessica Donohue,1
François Candelon,1
Kelly McGonigal,1
Adam Driver,1
Kay Read,1
Sean Carroll,1
William Black,1
Sheila Nirenberg,1
Kailash Satyarthi,1
Brett Hennig,1
Chris Sheldrick,1
Esther Duflo,1
Stephen Webb,1
Esther Ndichu,1
Susan Graham,1
Naomi McDougall Jones,1
Susan Lupack,1
Sylvia Earle,1
Richard Weller,1
Sam Van Aken,1
Kayla Briët,1
Mara Mintzer,1
Bethany Rickwald and Hayley Levitt,1
Jessica McCabe,1
Freeman H. Shen,1
Jan Denecker,1
Jiabao Li,1
Shilpa Ravella,1
Mother London,1
Cecile Richards,1
Jeff Kirschner,1
Jill Sobule,1
Diane J. Rayor,1
JD Schramm,1
Lucien Engelen,1
Madhavi Venkatesan,1
Tom Whyntie,1
Susan Robinson,1
Michele Wucker,1
Jac de Haan,1
Michael Levin,1
Kevin Njabo,1
Geraldine Hamilton,1
Rick Guidotti,1
Aaswath Raman,1
Giorgia Lupi,1
Anne Basting,1
Aditi Gupta,1
Heather Lanier,1
Ralph Langner,1
Lisa Godwin,1
Monica Palacio,1
David Chalmers,1
Dan Buettner,1
Lisa Kristine,1
Chris Jordan,1
Rodney Mullen,1
David Farrell,1
Holly Morris,1
Swizz Beatz,1
Tashka and Laura Yawanawá,1
Emily Leproust,1
Daniel Pauly,1
Harry Cliff,1
Lynne Elvins,1
Kristalina Georgieva,1
John Kluge Jr.,1
Susannah Temko,1
Mahendra Singhi,1
Anne Madden,1
Kirby Ferguson,1
Anil Ananthaswamy,1
Randy Pausch,1
"David Byrne, Ethel + Thomas Dolby",1
Laura Lane,1
Ryan Holladay,1
Kay M. Tye,1
Sam Kean,1
Jim Hemerling,1
Donald Sadoway,1
Rosie King,1
Robert Swan,1
Darren Croft,1
James A. Smith,1
Yasmin Hurd,1
Newton Aduaka,1
Lucas Joppa,1
Penny Chisholm,1
Ben Cort,1
José Andrés,1
Yanis Varoufakis,1
Carl Vause,1
George Smoot,1
Jeremy Howard,1
Steven Anderson,1
Ma Jun,1
"Dr. Phillip Atiba Goff, Rashad Robinson, Dr. Bernice King, Anthony D. Romero",1
Juna Kollmeier,1
Ilona Szabó de Carvalho,1
Alexis Gambis,1
Deborah Lipstadt,1
Antonio Muñoz Fernández,1
Jorge Ramos,1
Matt Killingsworth,1
Dick M. Carpenter II,1
Viviana Alvarez,1
P.W. Singer,1
monday.com,1
Joseph Goffman,1
Kwame Anthony Appiah,1
Andrew Nemr,1
Gayathri Vasudevan,1
Lucy Clayton,1
Alicia Chong Rodriguez,1
Nathan D. Horowitz,1
Reed Kroloff,1
Eva Zeisel,1
Christoph Niemann,1
Nemonte Nenquimo,1
Guadalupe Nogués,1
Theaster Gates,1
Janna Levin,1
Colombe Cahen-Salvador,1
David MacKay,1
Betsy Kauffman,1
Aicha el-Wafi + Phyllis Rodriguez,1
Amit Kalra,1
The Hartford,1
Leyla Acaroglu,1
Jay Bradner,1
Jay Van Bavel,1
Jordyn Wieber,1
Susan Blackmore,1
Sanjay Dastoor,1
Jennifer Zhu Scott,1
Diébédo Francis Kéré,1
Lemn Sissay,1
Gabe Zichermann,1
Simone Giertz,1
Jason Shen,1
Katie Hood,1
James Stavridis,1
JP Rangaswami,1
Ashton Applewhite,1
Peter Reinhart,1
Suzie Sheehy,1
Srdja Popovic,1
David Camarillo,1
Andrew Mwenda,1
Theo E.J. Wilson,1
Al Seckel,1
Myriam Sidibe,1
Marjan van Aubel,1
Ivan Krastev,1
Sanjay Pradhan,1
Karoli Hindriks,1
Sofia Jawed-Wessel,1
A Tribe Called Red,1
Neha Madhira and Haley Stack,1
Maeve Higgins,1
Katie Francfort,1
Viola Llewellyn,1
Madame Gandhi and Amber Galloway-Gallego,1
Daniel Levitin,1
Per Espen Stoknes,1
Andrew Arruda,1
Aja Monet and phillip agnew,1
Hortensia Jiménez Díaz,1
Soyapi Mumba,1
Charlie Puth,1
Ernest Madu,1
Niki Okuk,1
Lynn Rothschild,1
Poet Ali,1
Mike Robbins,1
Liv Boeree,1
Jon Mooallem,1
Antoine Gourévitch,1
Joe Kowan,1
 MaJiKer,1
Ronald Murray,1
Fareed Zakaria,1
Tai Simpson,1
Karen D. Davis,1
Christopher McDougall,1
Laura Fox,1
Amanda Mattes,1
Ali Carr-Chellman,1
Daphne Bavelier,1
Eric Garcetti,1
Brad Troeger,1
Shigeru Ban,1
Joia Mukherjee,1
Tierney Thys,1
Matthew Carter,1
Adora Svitak,1
Olivia Arthur,1
Neylan McBaine,1
Quyen Nguyen,1
Kelli Sandman-Hurley,1
Ben Katchor,1
Amir Nizar Zuabi,1
Torsten Reil,1
Will Cathcart,1
Li-Huei Tsai,1
Jonathan Wilker,1
Tal Golesworthy,1
Lukas Rieppel,1
Sergey Brin + Larry Page,1
Inge Missmahl,1
Kotchakorn Voraakhom,1
Aaron Huey,1
Martin Villeneuve,1
Paul Stamets,1
Jessy Kate Schingler,1
Carolyn Jones,1
JayaShri Maathaa,1
Marc Raibert,1
Stephen Bax,1
Simona Abdallah,1
Lindsay Morcom,1
John Kasaona,1
Mark Modesti,1
"Amanda Palmer, Jherek Bischoff, Usman Riaz",1
Dame Stephanie Shirley,1
Mitch Zeller,1
Almudena Toral,1
Rosalind Picard,1
Paul Cater Deaton,1
Jon Lowenstein,1
Tyler Dewitt,1
Julie Lythcott-Haims,1
Kyle Quinn,1
Alan Iny,1
Haaziq Kazi,1
Jeremy Brewer,1
Alan Lupack,1
Ellen Dunham-Jones,1
Mathias Basner,1
Amy Edmondson,1
Bobby McFerrin,1
 Lizzo,1
Iqbal Quadir,1
Hu Liang,1
Baratunde Thurston,1
Sylvain Duranton,1
DK Osseo-Asare,1
Ravin Agrawal,1
Samuel Cohen,1
Sophia Kianni,1
Jan Rader,1
Jasmine Cho,1
 Resistance Revival Chorus,1
Cristin O'Keefe Aptowicz,1
Jeremy Forbes,1
Ayana Elizabeth Johnson and Megan Davis,1
Sisonke Msimang,1
Erik Johansson,1
Noeline Kirabo,1
Peter Singer,1
Becci Manson,1
Kai-Fu Lee and Chen Qiufan,1
Nkosilathi Nyathi,1
Gabe Barcia-Colombo,1
Raymond Wang,1
Janine Shepherd,1
Gabriel Heras,1
Kristi Rogers,1
Ocean Ramsey,1
Guy-Philippe Goldstein,1
"Tom Shannon, John Hockenberry",1
Natalie Fratto,1
Rob Harmon,1
"Al Roker, Al Gore, David Biello and Latif Nasser",1
Pia Mancini,1
Danielle R. Moss,1
Nilofer Merchant,1
Graham Worthy,1
Mark Shaw,1
Andrew Winston,1
Mark Halliday,1
Erika Pinheiro,1
Scott A. Mellor,1
Dan Reisel,1
Wesley Saint Clair,1
James Surowiecki,1
Eden Girma,1
Margrethe Vestager,1
"Tyrone Davis, Jr.",1
Ryan Gravel,1
Cady Coleman,1
Sophie Andrews,1
Jocelyne Bloch,1
Archie Crowley,1
Marc Fagelson,1
Su Kahumbu,1
Siegfried Woldhek,1
Susan Lim,1
Danny Dorling,1
Mark Tyndall,1
Aaron Horowitz,1
Daniel Sperling and Gil Tal,1
Tawanda Kanhema,1
Jenni Chang and Lisa Dazols,1
Laura Wright,1
Tom Rivett-Carnac,1
Jessica Garza,1
Darieth Chisolm,1
Linda Hill,1
Henrietta Fore,1
Tanmay Bakshi,1
Felice Belle and Jennifer Murphy,1
Talithia Williams,1
Amber Stuver,1
Amy Price Azano,1
Alexandra Horowitz,1
Tracie Keesee,1
Candace Parker,1
TED staff,1
Wajdi Mohamed Ratemi,1
David Sedlak,1
Victoria Pratt,1
Kristine Tompkins,1
Vivek Maru,1
Jasmine Crowe,1
Nora Brown,1
Jakob Trollback,1
Roman Mars,1
Sean Davis,1
Emma Rodero,1
Sonia Livingstone,1
Dong Woo Jang,1
Kayvon Tehranian,1
Milton Glaser,1
Michael Tubbs,1
Lloyd Pendleton,1
Antón García-Abril,1
Gokul Upadhyayula,1
Ipsita Dasgupta,1
 Yelle,1
Emily Dickinson,1
Anne Curzan,1
Trevor Aaronson,1
Patrick Awuah,1
Jackson Browne,1
Safwat Saleem,1
Diana Laufenberg,1
Massimo Banzi,1
Courtney Stephens,1
Kaustav Dey,1
Mark Plotkin,1
Shukla Bose,1
Shrabani Basu,1
John Doerr and Ryan Panchadsaram,1
Thea Holcomb,1
Ganesh Pai,1
Francisco Samper,1
Mike Matas,1
Jerome Kim,1
David Whyte,1
Seth Priebatsch,1
Dan Adams,1
Laura Bates,1
Thomas Lloyd,1
Angela Francis,1
Bence Nanay,1
Antonella Mei-Pochtler,1
Chika Okoro,1
Louise Fresco,1
Jon Bowers,1
Donald Hoffman,1
Cindy Solomon,1
Tasso Azevedo,1
Damian Palin,1
Tom Schuler,1
Angelicque White,1
Bob Mankoff,1
Hernán Casciari,1
Doug MacKay,1
Carl Joshua Ncube,1
Rach Ranton,1
Ray Anderson,1
Sarah E. Tracy,1
Noelle Martin,1
Miwa Matreyek,1
David Baker,1
Lisa Harouni,1
Stephen Wolfram,1
Douglas J. Casa,1
Cheyenne Cochrane,1
John Soluri,1
Luhan Yang,1
Daniel L. Schacter,1
Zeresenay Alemseged,1
Marcus Adrian,1
Hector Ruiz,1
AKQA and Jung von Matt,1
Claire Bowern,1
Angelo Vermeulen,1
Cynthia Ma Shwe Sin Win,1
Daniel Kahneman,1
Bart Knols,1
Brittany Packnett Cunningham,1
Emilie Weight,1
Amos Winter,1
Richard Branson,1
Matt Weinstein,1
Olga Yurkova,1
Siddhartha Mukherjee,1
Joy Wolfram,1
Akash Manoj,1
Richard Bona,1
Ludwick Marishane,1
Natasha Tsakos,1
George Papandreou,1
Sheku Kanneh-Mason and Isata Kanneh-Mason,1
Paul Debevec,1
Onyx Ashanti,1
Laura Indolfi,1
Jamie Paik,1
Amanda Schochet,1
Linda Zhang,1
Paul Ewald,1
Rebecca Love,1
Marily Oppezzo,1
Shantell Martin,1
Maria Bezaitis,1
Puqun Li,1
Ismael Nazario,1
Beeban Kidron,1
Ed Ulbrich,1
Garth Sundem,1
Vinay Venkatraman,1
Ivan Coyote,1
Nora Atkinson,1
They Might Be Giants,1
Betsy Schwarm,1
Sakena Yacoobi,1
Didier Sornette,1
Susan Etlinger,1
Caroline Winterer,1
Jaime Lerner,1
Boris Hesser,1
Pranav Mistry,1
Dustin Schroeder,1
Melanie E. Peffer,1
Burt Rutan,1
Daniela Zamudio,1
Ajit Narayanan,1
Franklin Leonard,1
Camille Langston,1
Roger Stein,1
Lisa Bu,1
Graham Shaw,1
Krista Donaldson,1
Julia Watson,1
Einav Gefen,1
Jia Jiang,1
Cesar Kuriyama,1
Myles Allen,1
Christine Sun Kim,1
Kiran Sethi,1
Ian Barnes,1
JK Rowling,1
Javier Olivares,1
Laura Rovner,1
Philip Rosedale,1
Philipp Gerbert,1
Steve Simpson,1
Christina Balch,1
Neil Burgess,1
Sandrine Dixson-Declève,1
Kayla Mandel Sheets,1
Kevin Bethune,1
Karen J. Meech,1
Avi Reichental,1
 Sauti Sol,1
Amy Nicole Baker,1
Danielle Wood,1
Jennifer Pluznick,1
Stephen Friend,1
Fiona Radford,1
 Kaz,1
Colette Pichon Battle,1
Cynthia Kenyon,1
Alicia Eggert,1
Jill Sobule + Julia Sweeney,1
Kirk Sorensen,1
Bart Weetjens,1
Prince Royce,1
Erez Garty,1
Julia Espinosa,1
Douglas Adams,1
Jaron Lanier,1
Joseph Lekuton,1
Megan Wilkens,1
Cathy O'Neil,1
Carey Kolaja,1
Claire Simeone,1
Shameran Abed,1
Daniel Suarez,1
Agnes Binagwaho,1
Stacey Kramer,1
Dominic Price,1
Deborah Scranton,1
Alvin Irby,1
Douglas Rushkoff,1
Hari Nef,1
Rhiannon Giddens,1
David Casarett,1
Hadi Eldebek,1
Farish Ahmad-Noor,1
Suzanne Barakat,1
John Koenig,1
Vishal Sikka,1
Ellen 't Hoen,1
Stefan Wolff,1
Crystal Martin,1
Matt Goldman,1
Arjan Dwarshuis,1
Daniel Alexander Jones,1
Masako Tamaki,1
D-L Stewart,1
Adar Cohen,1
Schuyler Bailar,1
Kelli Swazey,1
Timothy Bartik,1
Beau Lotto,1
The Holladay Brothers,1
Nick Veasey,1
Alasdair Harris,1
Arthur Ganson,1
Elizabeth Zion,1
Alwar Balasubramaniam,1
Jorge Mañes Rubio,1
Thomas P. Campbell,1
Soraya Chemaly,1
Janja Lalich,1
Antionette Carroll,1
 Shawnee,1
Katherine Lucas,1
Amanda Bennett,1
Kelli Anderson,1
France Villarta,1
Thomas Insel,1
Masha Gershman,1
Michael Shellenberger,1
Jill Seubert,1
Helen Marriage,1
Daria van den Bercken,1
Bettina Bair,1
Sara Sanford,1
Pazit Cahlon and Alex Gendler,1
Amy Tan,1
Nicola Jones,1
Philippe Starck,1
Randall Hayes,1
Deb Willis and Hank Willis Thomas,1
Lisa Mosconi,1
Bill Doyle,1
Mary Robinson,1
Lux Narayan,1
Robyn J. Crook,1
Bob Schneider,1
Dario Gil,1
Alex Wissner-Gross,1
Natalie Merchant,1
Edwin Meyer,1
Drew Philp,1
Mike Davis,1
Gary Wolf,1
Keith Chen,1
Richard Seymour,1
Jack Dorsey,1
Emmanuel Schanzer,1
Jimmy Carter,1
Tyler Cowen,1
Germán Santillán,1
Ueli Gegenschatz,1
Raye Zaragoza,1
Khulan Batkhuyag,1
Regina Hartley,1
Aziza Chaouni,1
James Rhee,1
Jill Bolte Taylor,1
Pattie Maes + Pranav Mistry,1
Heidi Grant,1
Christien Meindertsma,1
Erik Schlangen,1
Stefano Mancuso,1
Alec Soth and Stacey Baker,1
Tom Honey,1
Michael Hansmeyer,1
Marcel Dicke,1
Danielle Allen,1
Kola Masha,1
Janet Echelman,1
Samantha Agoos,1
James Hansen,1
Beau Lotto and Cirque du Soleil,1
Ryan Pfluger,1
Jeff Hawkins,1
Sascha Morrell,1
Chloé Valdary,1
Liu Bolin,1
Veronica Barassi,1
Harsha Bhogle,1
Tony Buffington,1
Neil Gershenfeld,1
Jose Antonio Vargas,1
Mohamed Ali,1
Rowan Fitzpatrick and Heart of Mind,1
John Brenkus,1
Sara Lewis,1
G. Willow Wilson,1
Jehane Noujaim,1
Qudus Onikeku and The QTribe,1
Andrea Vilallonga,1
Craig A. Kohn,1
Sandra Rey,1
Dessa,1
Joe Gebbia,1
Sam Martin,1
Allan Savory,1
Kartick Satyanarayan,1
Dana Kanze,1
David S. Rose,1
Derek Paravicini and Adam Ockelford,1
Andrey Vyshedskiy,1
Clover Hogan,1
Yves Rossy,1
Andy Yen,1
Heather C. McGhee,1
Qi Zhang,1
Mike Brown,1
Dilip Ratha,1
Deborah Rhodes,1
Annie Lennox,1
Peter Weinstock,1
Baroness Beeban Kidron,1
Yue Xiu Lim,1
Gero Miesenboeck,1
Stuart Brown,1
Brittany Young,1
Ron Eglash,1
Joe DeRisi,1
Beverly + Dereck Joubert,1
Alexa Meade,1
Krista Tippett,1
Michael Benton,1
Rob Knight,1
Safia Elhillo,1
Adam Sadowsky,1
Robert Siddall,1
Eddie Obeng,1
Emma Belcher,1
Children of Palau,1
Henna-Maria Uusitupa,1
Richard J. Berry,1
Jesse Schell,1
Paula Stone Williams,1
Aparna Hegde,1
Emmett Shear,1
Caleb Chung,1
David Korins,1
Pam Warhurst,1
Damion Searls,1
Lindsay Malloy,1
Coya Paz Brownrigg,1
Maya Penn,1
Jodie Houlston-Lau,1
Victor Vescovo,1
John Sabraw,1
Marvin Minsky,1
Josette Sheeran,1
Annie Bosler and Don Greene,1
Benjamin Zander,1
Katie Bouman,1
Mindy Scheier,1
Mennat El Ghalid,1
Gary Haugen,1
Ellen  Gustafson,1
Qiuqing Tai,1
Kwame Owusu-Kesse,1
Marcin Jakubowski,1
Erika Cheung,1
Sheperd Doeleman,1
Eli Beer,1
James Bridle,1
Gareth Gaskell,1
Rufus Griscom + Alisa Volkman,1
Kate Gardoqui,1
Cosmin Mihaiu,1
Michael Patrick Lynch,1
Navi Radjou,1
Tanya Berger-Wolf,1
Joey Alexander,1
Norman Foster,1
Joi Ito,1
Eldra Jackson,1
Paul Root Wolpe,1
Markus Fischer,1
Andy Puddicombe,1
Kara Logan Berlin,1
Clarice Phelps,1
Georges C. Benjamin,1
Carlos Reif,1
Ann Cooper,1
Jamie Drummond,1
Rebecca Galemba,1
Joshua Walters,1
Leila Seth,1
"Gretchen Carlson, David Brooks",1
Johnny Staats,1
Amy C. Edmondson,1
Leon Marchal,1
Tom Thum and Matthew Broadhurst,1
Carole Cadwalladr,1
Tom Chatfield,1
Blitz Bazawule,1
Itay Talgam,1
Jimmy Wales,1
Kevin Roose,1
Emily Balcetis,1
BJ Miller,1
Christian Bailey,1
Michelle Borkin,1
Christopher Bahl,1
Essam Daod,1
Thomas L. Dawson,1
Georges Nzongola-Ntalaja,1
Rutger Bregman,1
Christopher Bell,1
Valerie June,1
Marlene Zuk,1
Silvia Moreno-García,1
Steve Jurvetson,1
Paul Greenberg,1
Chad Frischmann,1
Rebekah Bergman,1
Mark Raymond,1
Joseph Nye,1
Damon Davis,1
Nicolas Perony,1
Melati Wijsen,1
Brian Olson,1
Nathalie Miebach,1
Tal Zaks,1
Philip K. Howard,1
Kenneth C. Davis,1
Markus Lorenz,1
Chinaka Hodge,1
Jordan Wirfs-Brock,1
Nizar Ibrahim,1
Ilissa Ocko,1
Renée Hlozek,1
Design Matters,1
Robin Hanson,1
Marla Spivak,1
Kathy Vinokurov,1
Max Rashbrooke,1
Chris McKnett,1
Kaeli Swift,1
David Hanson,1
Chelsea Shields,1
Dame Ellen MacArthur,1
 Morley,1
James Balog,1
Jennifer Lu,1
Rumaitha Al Busaidi,1
Keith Kirkland,1
Maria Popova,1
Stephen Hawking,1
John Doerr and Hal Harvey,1
Jonas Gahr Støre,1
Christiana Figueres and Chris Anderson,1
James Bickerton,1
David Carroll,1
Eric Berridge,1
Heather Barnett,1
Shannon Lee,1
Cedric Habiyaremye,1
Paolo Bortolameolli,1
Anika Paulson,1
Carl Zimmer,1
Gangadhar Patil,1
Dayo Ogunyemi,1
Felix Dennis,1
Daniel Garrie,1
Matthew Winkler,1
Jan Chipchase,1
Yaniv Erlich,1
Kevin Stone,1
Alastair O'Neill,1
Finn Lützow-Holm Myrstad,1
 IN-Q,1
Annie Murphy Paul,1
Romain Lacombe,1
Jay Silver,1
Ethan Zuckerman,1
Daniel Goldstein,1
Rachel Pike,1
Camille Defrenne and Suzanne Simard,1
Alejandro Chaskielberg,1
Sajay Samuel,1
Roxane Gay,1
Alice Dreger,1
Gabriel Prieto,1
Malika Whitley,1
David Carson,1
Sandi Toksvig,1
Kimberley Motley,1
Randall Munroe,1
Matthew O'Reilly,1
Kate Lister,1
Steve Silberman,1
Peter Donnelly,1
Tucker Hiatt,1
Marlon Peterson,1
Roger Antonsen,1
Luc de Brabandere,1
Boyd Varty,1
Varun Sivaram,1
Miho Janvier,1
Sarah Kaminsky,1
Yasmin Green,1
Shawn Martinbrough,1
Saki Mafundikwa,1
David Blaine,1
Leslie Dodson,1
Sebastien de Halleux,1
Jacy Reese Anthis,1
Linus Torvalds,1
Anthony Veneziale,1
Rob Dunbar,1
Bill Stone,1
Julian Baggini,1
Michael Moschen,1
Pardis Parker,1
Villy Wang,1
Angela Lee Duckworth,1
Anna Piperal,1
Bob Stein,1
Sister True Dedication,1
Joel Levine,1
Young-ha Kim,1
Bruce Friedrich,1
Sarah Klein,1
David Heymann,1
Ricardo Semler,1
Jake Barton,1
Eva-Maria Geigl,1
Fred Jansen,1
Mac Stone,1
Laura Tenenbaum,1
Oliver Elfenbaum,1
James Tanton,1
John Bolton,1
Andrew Dent,1
Steve Truglia,1
Mel Robbins,1
Anne Pasternak,1
Jon Bergmann,1
Jackie Tabick,1
Pankaj Ghemawat,1
Mileha Soneji,1
Regina Dugan,1
Tamas Kocsis,1
Mikhail Zygar,1
Abdallah Ewis,1
Dave Eggers,1
Nikki Sanchez,1
Anushka Naiknaware,1
John Varney,1
Janet Stovall,1
Jeff Kozak,1
Jonathan Butterworth,1
John Wilbanks,1
Gary Vaynerchuk,1
Brittany K. Barnett,1
Laura Boykin,1
Dannagal G. Young,1
Francesca Simon-Carboni,1
Amma Y. Ghartey-Tagoe Kootin,1
Peter Attia,1
Jeanne Gang,1
Merve Emre,1
Viktor Frankl,1
Peggy Chan,1
Apiorkor Seyiram Ashong-Abbey,1
Marco Annunziata,1
Uğur Şahin and Özlem Türeci,1
Jamila Raqib,1
Marian Wright Edelman,1
Kevin Briggs,1
Thomas Hellum,1
Nitish Padmanaban,1
Mary Norris,1
Sandra Fisher-Martins,1
Adam Garone,1
Russell Wilson,1
Kiran Mazumdar-Shaw,1
Chris Urmson,1
Jennifer L. Eberhardt,1
Emtithal Mahmoud,1
Patricia Ryan,1
Shai Agassi,1
Elena Chavez Quezada,1
Derek Banta,1
Ann Morgan,1
Mallika Sarabhai,1
Jean-Manuel Izaret,1
Erika Hamden,1
Jeff Iliff,1
Aatish Bhatia,1
Michael Porter,1
Dave Troy,1
Charles Fleischer,1
Nikki Webber Allen,1
Alaa Murabit,1
Elizabeth Lyle,1
Teitur,1
Lindsay Amer,1
Gregory Stock,1
Feras Fayyad,1
Mark Bezos,1
Norman Spack,1
David Hooker,1
Caroline Paul,1
Anders Ynnerman,1
Kid President,1
Hamish Jolly,1
Maisie Williams,1
Christopher Ryan,1
Jared Hill,1
Ronny Edry,1
Nancy Kanwisher,1
Olivier Scalabre,1
Gerard Ryle,1
Alice Pailhès,1
Thomas Abt,1
Will MacAskill,1
Karen Tse,1
Noah R. Bressman,1
Tim Adams,1
Shane Wickes,1
Ian Ritchie,1
Ryan Phelan,1
Bozoma Saint John,1
Fei-Fei Li,1
Doreen Koenning,1
Eric Topol,1
Scott McCloud,1
Alejandro Aravena,1
Tim Kruger,1
 Wobbly World,1
Salil Dudani,1
Nick Pizzo,1
Benjamin Grant,1
Kelsey Leonard,1
John Graham-Cumming,1
Michael Hendryx,1
Sxip Shirey + Rachelle Garniez,1
Bill Shribman,1
Jennifer Lin,1
Mariano Sigman,1
Eve Abrams,1
Chris Bangle,1
Hosted by Prajakta Koli and Hannah Stocking,1
Katharine Wilkinson,1
Benedetta Berti and Evelien Borgman,1
Roey Tzezana,1
Bianca Tylek,1
The Soul Rebels,1
Judy MacDonald Johnston,1
Qi Wu 吴琪,1
William McDonough,1
Karen L. Cox,1
Jennifer B. Nuzzo,1
Tilak Mandadi,1
Elizabeth Murchison,1
Emily Esfahani Smith,1
Andrés Ruzo,1
Judy Grisel,1
Wendell Pierce,1
Angélica Dass,1
Tina Seelig,1
Pardis Sabeti,1
Vilayanur Ramachandran,1
Keolu Fox,1
Terisa Folaron,1
Alison Quirk,1
Arthur Potts Dawson,1
Stephanie Busari,1
Petter Johansson,1
Mark Kendall,1
Wilton L. Virgo,1
Karim Abouelnaga,1
Zahra Al-Mahdi,1
Gonzalo Vilariño,1
Elisabeth Pierre,1
His Holiness the Karmapa,1
James Curleigh,1
Rahul Mehrotra,1
Skye C. Cleary,1
Muslim Sahib,1
Hajer Sharief,1
Jeff Smith,1
Boghuma Kabisen Titanji,1
Greg Lynn,1
Yang Lan,1
Diana Dosik,1
David Puttnam,1
David Sengeh,1
Amanda Burden,1
Matt Langione,1
Chris Domas,1
Nora McInerny,1
Eva Galperin,1
Dan Goods,1
Thandiwe Newton,1
Anant Agarwal,1
Justin Hall-Tipping,1
JoAnne S. Bass,1
Eythor Bender,1
Dale Dougherty,1
NWHunter,1
Max Hawkins,1
Walter R. Tschinkel,1
Michael Anti,1
Rory  Bremner,1
George Takei,1
Faith Jegede Cole,1
Wanda Diaz Merced,1
Freeman Hrabowski,1
Charles Hazlewood + British Paraorchestra,1
Arinjay Banerjee,1
Víctor Demaría Pesce,1
Valerie Purdie-Greenaway,1
Carne Ross,1
Mainak Mazumdar,1
Elizabeth Wayne,1
Ramona Pierson,1
Yann LeCun,1
Jenna McCarthy,1
Hosted by Chris Hemsworth and Priyanka Chopra Jonas,1
Tony Salvador,1
Kristin Jones,1
Malte Spitz,1
Charles Hazlewood,1
Marcus Byrne,1
Minda Dentler,1
Karin Öberg,1
Paolo Cardini,1
 Let It Happen,1
K. Erica Dodge,1
David J. Bier,1
Bassam Tariq,1
Dave Clark and Kara Hurst,1
Ramon Glazov,1
Luis H. Zayas,1
Daniel Susskind,1
